passenger_id,classe,sobreviveu,sexo,idade,irmaos_conjuge,pais_filhos,bilhete,tarifa,embarque
0,1,1,female,29.0,0,0,24160,211.3375,S
1,1,1,male,0.9167,1,2,113781,151.55,S
2,1,0,female,2.0,1,2,113781,151.55,S
3,1,0,male,30.0,1,2,113781,151.55,S
4,1,0,female,25.0,1,2,113781,151.55,S
5,1,1,male,48.0,0,0,19952,26.55,S
6,1,1,female,63.0,1,0,13502,77.9583,S
7,1,0,male,39.0,0,0,112050,0.0,S
8,1,1,female,53.0,2,0,11769,51.4792,S
9,1,0,male,71.0,0,0,PC 17609,49.5042,C
10,1,0,male,47.0,1,0,PC 17757,227.525,C
11,1,1,female,18.0,1,0,PC 17757,227.525,C
12,1,1,female,24.0,0,0,PC 17477,69.3,C
13,1,1,female,26.0,0,0,19877,78.85,S
14,1,1,male,80.0,0,0,27042,30.0,S
15,1,0,male,3.0,0,0,PC 17318,25.925,S
16,1,0,male,24.0,0,1,PC 17558,247.5208,C
17,1,1,female,50.0,0,1,PC 17558,247.5208,C
18,1,1,female,32.0,0,0,11813,76.2917,C
19,1,0,male,36.0,0,0,13050,75.2417,C
20,1,1,male,37.0,1,1,11751,52.5542,S
21,1,1,female,47.0,1,1,11751,52.5542,S
22,1,1,male,26.0,0,0,111369,30.0,C
23,1,1,female,42.0,0,0,PC 17757,227.525,C
24,1,1,female,29.0,0,0,PC 17483,221.7792,S
25,1,0,male,25.0,0,0,13905,26.0,C
26,1,1,male,25.0,1,0,11967,91.0792,C
27,1,1,female,19.0,1,0,11967,91.0792,C
28,1,1,female,35.0,0,0,PC 17760,135.6333,S
29,1,1,male,28.0,0,0,110564,26.55,S
30,1,0,male,45.0,0,0,113784,35.5,S
31,1,1,male,40.0,0,0,112277,31.0,C
32,1,1,female,30.0,0,0,36928,164.8667,S
33,1,1,female,58.0,0,0,113783,26.55,S
34,1,0,male,42.0,0,0,110489,26.55,S
35,1,1,female,45.0,0,0,PC 17608,262.375,C
36,1,1,female,22.0,0,1,113505,55.0,S
37,1,1,male,3.0,0,0,111427,26.55,S
38,1,0,male,41.0,0,0,113054,30.5,S
39,1,0,male,48.0,0,0,PC 17591,50.4958,C
40,1,0,male,3.0,0,0,112379,39.6,C
41,1,1,female,44.0,0,0,PC 17610,27.7208,C
42,1,1,female,59.0,2,0,11769,51.4792,S
43,1,1,female,60.0,0,0,11813,76.2917,C
44,1,1,female,41.0,0,0,16966,134.5,C
45,1,0,male,45.0,0,0,113050,26.55,S
46,1,0,male,3.0,0,0,113798,31.0,S
47,1,1,male,42.0,0,0,PC 17476,26.2875,S
48,1,1,female,53.0,0,0,PC 17606,27.4458,C
49,1,1,male,36.0,0,1,PC 17755,512.3292,C
50,1,1,female,58.0,0,1,PC 17755,512.3292,C
51,1,0,male,33.0,0,0,695,5.0,S
52,1,0,male,28.0,0,0,113059,47.1,S
53,1,0,male,17.0,0,0,113059,47.1,S
54,1,1,male,11.0,1,2,113760,120.0,S
55,1,1,female,14.0,1,2,113760,120.0,S
56,1,1,male,36.0,1,2,113760,120.0,S
57,1,1,female,36.0,1,2,113760,120.0,S
58,1,0,male,49.0,0,0,19924,26.0,S
59,1,1,female,3.0,0,0,17770,27.7208,C
60,1,0,male,36.0,1,0,19877,78.85,S
61,1,1,female,76.0,1,0,19877,78.85,S
62,1,0,male,46.0,1,0,W.E.P. 5734,61.175,S
63,1,1,female,47.0,1,0,W.E.P. 5734,61.175,S
64,1,1,male,27.0,1,0,113806,53.1,S
65,1,1,female,33.0,1,0,113806,53.1,S
66,1,1,female,36.0,0,0,PC 17608,262.375,C
67,1,1,female,30.0,0,0,110152,86.5,S
68,1,1,male,45.0,0,0,PC 17594,29.7,C
69,1,1,female,3.0,0,1,113505,55.0,S
70,1,0,male,3.0,0,0,112051,0.0,S
71,1,0,male,27.0,1,0,13508,136.7792,C
72,1,1,female,26.0,1,0,13508,136.7792,C
73,1,1,female,22.0,0,0,113781,151.55,S
74,1,0,male,3.0,0,0,110465,52.0,S
75,1,0,male,47.0,0,0,5727,25.5875,S
76,1,1,female,39.0,1,1,PC 17756,83.1583,C
77,1,0,male,37.0,1,1,PC 17756,83.1583,C
78,1,1,female,64.0,0,2,PC 17756,83.1583,C
79,1,1,female,55.0,2,0,11770,25.7,S
80,1,0,male,3.0,0,0,113791,26.55,S
81,1,0,male,70.0,1,1,WE/P 5735,71.0,S
82,1,1,female,36.0,0,2,WE/P 5735,71.0,S
83,1,1,female,64.0,1,1,112901,26.55,S
84,1,0,male,39.0,1,0,PC 17599,71.2833,C
85,1,1,female,38.0,1,0,PC 17599,71.2833,C
86,1,1,male,51.0,0,0,113055,26.55,S
87,1,1,male,27.0,0,0,113804,30.5,S
88,1,1,female,33.0,0,0,113781,151.55,S
89,1,0,male,31.0,1,0,F.C. 12750,52.0,S
90,1,1,female,27.0,1,2,F.C. 12750,52.0,S
91,1,1,male,31.0,1,0,17474,57.0,S
92,1,1,female,17.0,1,0,17474,57.0,S
93,1,1,male,53.0,1,1,33638,81.8583,S
94,1,1,male,4.0,0,2,33638,81.8583,S
95,1,1,female,54.0,1,1,33638,81.8583,S
96,1,0,male,50.0,1,0,PC 17761,106.425,C
97,1,1,female,27.0,1,1,PC 17558,247.5208,C
98,1,1,female,48.0,1,0,PC 17761,106.425,C
99,1,1,female,48.0,1,0,11755,39.6,C
100,1,1,male,49.0,1,0,PC 17485,56.9292,C
101,1,0,male,39.0,0,0,PC 17580,29.7,C
102,1,1,female,23.0,0,1,11767,83.1583,C
103,1,1,female,38.0,0,0,PC 17757,227.525,C
104,1,1,female,54.0,1,0,36947,78.2667,C
105,1,0,female,36.0,0,0,PC 17531,31.6792,C
106,1,0,male,3.0,0,0,PC 17483,221.7792,S
107,1,1,female,3.0,0,0,PC 17598,31.6833,S
108,1,1,female,3.0,0,0,17421,110.8833,C
109,1,1,male,36.0,0,0,PC 17474,26.3875,S
110,1,0,male,30.0,0,0,113051,27.75,C
111,1,1,female,24.0,3,2,19950,263.0,S
112,1,1,female,28.0,3,2,19950,263.0,S
113,1,1,female,23.0,3,2,19950,263.0,S
114,1,0,male,19.0,3,2,19950,263.0,S
115,1,0,male,64.0,1,4,19950,263.0,S
116,1,1,female,60.0,1,4,19950,263.0,S
117,1,1,female,30.0,0,0,PC 17485,56.9292,C
118,1,0,male,3.0,0,0,113778,26.55,S
119,1,1,male,50.0,2,0,PC 17611,133.65,S
120,1,1,male,43.0,1,0,17765,27.7208,C
121,1,1,female,3.0,1,0,PC 17611,133.65,S
122,1,1,female,22.0,0,2,13568,49.5,C
123,1,1,male,60.0,1,1,13567,79.2,C
124,1,1,female,48.0,1,1,13567,79.2,C
125,1,0,male,3.0,0,0,112058,0.0,S
126,1,0,male,37.0,1,0,113803,53.1,S
127,1,1,female,35.0,1,0,113803,53.1,S
128,1,0,male,47.0,0,0,111320,38.5,S
129,1,1,female,35.0,0,0,113503,211.5,C
130,1,1,female,22.0,0,1,112378,59.4,C
131,1,1,female,45.0,0,1,112378,59.4,C
132,1,0,male,24.0,0,0,PC 17593,79.2,C
133,1,1,male,49.0,1,0,17453,89.1042,C
134,1,1,female,3.0,1,0,17453,89.1042,C
135,1,0,male,71.0,0,0,PC 17754,34.6542,C
136,1,1,male,53.0,0,0,113780,28.5,C
137,1,1,female,19.0,0,0,112053,30.0,S
138,1,0,male,38.0,0,1,PC 17582,153.4625,S
139,1,1,female,58.0,0,1,PC 17582,153.4625,S
140,1,1,male,23.0,0,1,PC 17759,63.3583,C
141,1,1,female,45.0,0,1,PC 17759,63.3583,C
142,1,0,male,46.0,0,0,PC 17593,79.2,C
143,1,1,male,25.0,1,0,11765,55.4417,C
144,1,1,female,25.0,1,0,11765,55.4417,C
145,1,1,male,48.0,1,0,PC 17572,76.7292,C
146,1,1,female,49.0,1,0,PC 17572,76.7292,C
147,1,0,male,3.0,0,0,113796,42.4,S
148,1,0,male,45.0,1,0,36973,83.475,S
149,1,1,female,35.0,1,0,36973,83.475,S
150,1,0,male,40.0,0,0,112059,0.0,S
151,1,1,male,27.0,0,0,PC 17572,76.7292,C
152,1,1,male,3.0,0,0,16988,30.0,S
153,1,1,female,24.0,0,0,11767,83.1583,C
154,1,0,male,55.0,1,1,12749,93.5,S
155,1,1,female,52.0,1,1,12749,93.5,S
156,1,0,male,42.0,0,0,113038,42.5,S
157,1,0,male,3.0,0,0,17463,51.8625,S
158,1,0,male,55.0,0,0,680,50.0,S
159,1,1,female,16.0,0,1,111361,57.9792,C
160,1,1,female,44.0,0,1,111361,57.9792,C
161,1,1,female,51.0,1,0,13502,77.9583,S
162,1,0,male,42.0,1,0,113789,52.0,S
163,1,1,female,35.0,1,0,113789,52.0,S
164,1,1,male,35.0,0,0,111426,26.55,C
165,1,1,male,38.0,1,0,19943,90.0,S
166,1,0,male,3.0,0,0,PC 17600,30.6958,C
167,1,1,female,35.0,1,0,19943,90.0,S
168,1,1,female,38.0,0,0,113572,80.0,24.0
169,1,0,female,50.0,0,0,PC 17595,28.7125,C
170,1,1,male,49.0,0,0,112058,0.0,S
171,1,0,male,46.0,0,0,694,26.0,S
172,1,0,male,50.0,0,0,113044,26.0,S
173,1,0,male,32.5,0,0,113503,211.5,C
174,1,0,male,58.0,0,0,11771,29.7,C
175,1,0,male,41.0,1,0,17464,51.8625,S
176,1,1,female,3.0,1,0,17464,51.8625,S
177,1,1,male,42.0,1,0,11753,52.5542,S
178,1,1,female,45.0,1,0,11753,52.5542,S
179,1,0,male,3.0,0,0,113028,26.55,S
180,1,1,female,39.0,0,0,24160,211.3375,S
181,1,1,female,49.0,0,0,17465,25.9292,S
182,1,1,female,30.0,0,0,PC 17761,106.425,C
183,1,1,male,35.0,0,0,PC 17755,512.3292,C
184,1,0,male,3.0,0,0,PC 17612,27.7208,C
185,1,0,male,42.0,0,0,17475,26.55,S
186,1,1,female,55.0,0,0,112377,27.7208,C
187,1,1,female,16.0,0,1,PC 17592,39.4,S
188,1,1,female,51.0,0,1,PC 17592,39.4,S
189,1,0,male,29.0,0,0,113501,30.0,S
190,1,1,female,21.0,0,0,13502,77.9583,S
191,1,0,male,30.0,0,0,113801,45.5,S
192,1,1,female,58.0,0,0,PC 17569,146.5208,C
193,1,1,female,15.0,0,1,24160,211.3375,S
194,1,0,male,30.0,0,0,110469,26.0,S
195,1,1,female,16.0,0,0,110152,86.5,S
196,1,1,male,3.0,0,0,11774,29.7,C
197,1,0,male,19.0,1,0,113773,53.1,S
198,1,1,female,18.0,1,0,113773,53.1,S
199,1,1,female,24.0,0,0,PC 17482,49.5042,C
200,1,0,male,46.0,0,0,13050,75.2417,C
201,1,0,male,54.0,0,0,17463,51.8625,S
202,1,1,male,36.0,0,0,PC 17473,26.2875,S
203,1,0,male,28.0,1,0,PC 17604,82.1708,C
204,1,1,female,3.0,1,0,PC 17604,82.1708,C
205,1,0,male,65.0,0,0,13509,26.55,S
206,1,0,male,44.0,2,0,19928,90.0,Q
207,1,1,female,33.0,1,0,19928,90.0,Q
208,1,1,female,37.0,1,0,19928,90.0,Q
209,1,1,male,30.0,1,0,13236,57.75,C
210,1,0,male,55.0,0,0,113787,30.5,S
211,1,0,male,47.0,0,0,113796,42.4,S
212,1,0,male,37.0,0,1,PC 17596,29.7,C
213,1,1,female,31.0,1,0,35273,113.275,C
214,1,1,female,23.0,1,0,35273,113.275,C
215,1,0,male,58.0,0,2,35273,113.275,C
216,1,1,female,19.0,0,2,11752,26.2833,S
217,1,0,male,64.0,0,0,693,26.0,S
218,1,1,female,39.0,0,0,PC 17758,108.9,C
219,1,1,male,3.0,0,0,F.C. 12998,25.7417,C
220,1,1,female,22.0,0,1,113509,61.9792,C
221,1,0,male,65.0,0,1,113509,61.9792,C
222,1,0,male,28.5,0,0,PC 17562,27.7208,C
223,1,0,male,3.0,0,0,112052,0.0,S
224,1,0,male,45.5,0,0,113043,28.5,S
225,1,0,male,23.0,0,0,12749,93.5,S
226,1,0,male,29.0,1,0,113776,66.6,S
227,1,1,female,22.0,1,0,113776,66.6,S
228,1,0,male,18.0,1,0,PC 17758,108.9,C
229,1,1,female,17.0,1,0,PC 17758,108.9,C
230,1,1,female,30.0,0,0,12749,93.5,S
231,1,1,male,52.0,0,0,113786,30.5,S
232,1,0,male,47.0,0,0,110465,52.0,S
233,1,1,female,56.0,0,1,11767,83.1583,C
234,1,0,male,38.0,0,0,19972,0.0,S
235,1,1,male,3.0,0,0,PC 17607,39.6,S
236,1,0,male,22.0,0,0,PC 17760,135.6333,C
237,1,0,male,3.0,0,0,PC 17757,227.525,C
238,1,1,female,43.0,0,1,24160,211.3375,S
239,1,0,male,31.0,0,0,PC 17590,50.4958,S
240,1,1,male,45.0,0,0,111428,26.55,S
241,1,0,male,3.0,0,0,113767,50.0,S
242,1,1,female,33.0,0,0,PC 17613,27.7208,C
243,1,0,male,46.0,0,0,PC 17585,79.2,C
244,1,0,male,36.0,0,0,13049,40.125,C
245,1,1,female,33.0,0,0,110152,86.5,S
246,1,0,male,55.0,1,0,PC 17603,59.4,C
247,1,1,female,54.0,1,0,PC 17603,59.4,C
248,1,0,male,33.0,0,0,113790,26.55,S
249,1,1,male,13.0,2,2,PC 17608,262.375,C
250,1,1,female,18.0,2,2,PC 17608,262.375,C
251,1,1,female,21.0,2,2,PC 17608,262.375,C
252,1,0,male,61.0,1,3,PC 17608,262.375,C
253,1,1,female,48.0,1,3,PC 17608,262.375,C
254,1,1,male,3.0,0,0,19988,30.5,S
255,1,1,female,24.0,0,0,PC 17477,69.3,C
256,1,1,male,3.0,0,0,111163,26.0,S
257,1,1,female,35.0,1,0,13236,57.75,C
258,1,1,female,30.0,0,0,113798,31.0,C
259,1,1,male,34.0,0,0,113794,26.55,S
260,1,1,female,40.0,0,0,PC 17582,153.4625,S
261,1,1,male,35.0,0,0,PC 17475,26.2875,S
262,1,0,male,50.0,1,0,13507,55.9,S
263,1,1,female,39.0,1,0,13507,55.9,S
264,1,1,male,56.0,0,0,13213,35.5,C
265,1,1,male,28.0,0,0,113788,35.5,S
266,1,0,male,56.0,0,0,113792,26.55,S
267,1,0,male,56.0,0,0,17764,30.6958,C
268,1,0,male,24.0,1,0,13695,60.0,S
269,1,0,male,3.0,0,0,113056,26.0,S
270,1,1,female,18.0,1,0,13695,60.0,S
271,1,1,male,24.0,1,0,21228,82.2667,S
272,1,1,female,23.0,1,0,21228,82.2667,S
273,1,1,male,6.0,0,2,16966,134.5,C
274,1,1,male,45.0,1,1,16966,134.5,C
275,1,1,female,40.0,1,1,16966,134.5,C
276,1,0,male,57.0,1,0,PC 17569,146.5208,C
277,1,1,female,3.0,1,0,PC 17569,146.5208,C
278,1,1,male,32.0,0,0,13214,30.5,C
279,1,0,male,62.0,0,0,113514,26.55,S
280,1,1,male,54.0,1,0,11778,55.4417,C
281,1,1,female,43.0,1,0,11778,55.4417,C
282,1,1,female,52.0,1,0,36947,78.2667,C
283,1,0,male,3.0,0,0,PC 17605,27.7208,C
284,1,1,female,62.0,0,0,113572,80.0,24.0
285,1,0,male,67.0,1,0,PC 17483,221.7792,S
286,1,0,female,63.0,1,0,PC 17483,221.7792,S
287,1,0,male,61.0,0,0,36963,32.3208,S
288,1,1,female,48.0,0,0,17466,25.9292,S
289,1,1,female,18.0,0,2,110413,79.65,S
290,1,0,male,52.0,1,1,110413,79.65,S
291,1,1,female,39.0,1,1,110413,79.65,S
292,1,1,male,48.0,1,0,19996,52.0,S
293,1,1,female,3.0,1,0,19996,52.0,S
294,1,0,male,49.0,1,1,17421,110.8833,C
295,1,1,male,17.0,0,2,17421,110.8833,C
296,1,1,female,39.0,1,1,17421,110.8833,C
297,1,1,female,3.0,0,0,PC 17585,79.2,C
298,1,1,male,31.0,0,0,2543,28.5375,C
299,1,0,male,40.0,0,0,PC 17601,27.7208,C
300,1,0,male,61.0,0,0,111240,33.5,S
301,1,0,male,47.0,0,0,36967,34.0208,S
302,1,1,female,35.0,0,0,PC 17755,512.3292,C
303,1,0,male,64.0,1,0,110813,75.25,C
304,1,1,female,60.0,1,0,110813,75.25,C
305,1,0,male,60.0,0,0,113800,26.55,S
306,1,0,male,54.0,0,1,35281,77.2875,S
307,1,0,male,21.0,0,1,35281,77.2875,S
308,1,1,female,55.0,0,0,PC 17760,135.6333,C
309,1,1,female,31.0,0,2,36928,164.8667,S
310,1,0,male,57.0,1,1,36928,164.8667,S
311,1,1,female,45.0,1,1,36928,164.8667,S
312,1,0,male,50.0,1,1,113503,211.5,C
313,1,0,male,27.0,0,2,113503,211.5,C
314,1,1,female,50.0,1,1,113503,211.5,C
315,1,1,female,21.0,0,0,113795,26.55,S
316,1,0,male,51.0,0,1,PC 17597,61.3792,C
317,1,1,male,21.0,0,1,PC 17597,61.3792,C
318,1,0,male,3.0,0,0,113510,35.0,S
319,1,1,female,31.0,0,0,16966,134.5,C
320,1,1,male,3.0,0,0,19947,35.5,S
321,1,0,male,62.0,0,0,113807,26.55,S
322,1,1,female,36.0,0,0,PC 17760,135.6333,C
323,2,0,male,30.0,1,0,P/PP 3381,24.0,C
324,2,1,female,28.0,1,0,P/PP 3381,24.0,C
325,2,0,male,30.0,0,0,248744,13.0,S
326,2,0,male,18.0,0,0,231945,11.5,S
327,2,0,male,25.0,0,0,C.A. 34050,10.5,S
328,2,0,male,34.0,1,0,226875,26.0,S
329,2,1,female,36.0,1,0,226875,26.0,S
330,2,0,male,57.0,0,0,244346,13.0,S
331,2,0,male,18.0,0,0,29108,11.5,S
332,2,0,male,23.0,0,0,C.A. 31030,10.5,S
333,2,1,female,36.0,0,0,28551,13.0,S
334,2,0,male,28.0,0,0,C.A./SOTON 34068,10.5,S
335,2,0,male,51.0,0,0,S.O.P. 1166,12.525,S
336,2,1,male,32.0,1,0,2908,26.0,S
337,2,1,female,19.0,1,0,2908,26.0,S
338,2,0,male,28.0,0,0,244358,26.0,S
339,2,1,male,1.0,2,1,230136,39.0,S
340,2,1,female,4.0,2,1,230136,39.0,S
341,2,1,female,12.0,2,1,230136,39.0,S
342,2,1,female,36.0,0,3,230136,39.0,S
343,2,1,male,34.0,0,0,248698,13.0,S
344,2,1,female,19.0,0,0,28404,13.0,S
345,2,0,male,23.0,0,0,28425,13.0,S
346,2,0,male,26.0,0,0,237670,13.0,S
347,2,0,male,42.0,0,0,211535,13.0,S
348,2,0,male,27.0,0,0,220367,13.0,S
349,2,1,female,24.0,0,0,248733,13.0,S
350,2,1,female,15.0,0,2,29750,39.0,S
351,2,0,male,60.0,1,1,29750,39.0,S
352,2,1,female,40.0,1,1,29750,39.0,S
353,2,1,female,20.0,1,0,236853,26.0,S
354,2,0,male,25.0,1,0,236853,26.0,S
355,2,1,female,36.0,0,0,27849,13.0,S
356,2,0,male,25.0,0,0,234686,13.0,S
357,2,0,male,42.0,0,0,244310,13.0,S
358,2,1,female,42.0,0,0,236852,13.0,S
359,2,1,male,0.8333,0,2,248738,29.0,S
360,2,1,male,26.0,1,1,248738,29.0,S
361,2,1,female,22.0,1,1,248738,29.0,S
362,2,1,female,35.0,0,0,F.C.C. 13528,21.0,S
363,2,0,male,3.0,0,0,239853,0.0,S
364,2,0,male,19.0,0,0,28424,13.0,S
365,2,0,female,44.0,1,0,244252,26.0,S
366,2,0,male,54.0,1,0,244252,26.0,S
367,2,0,male,52.0,0,0,248731,13.5,S
368,2,0,male,37.0,1,0,SC/AH 29037,26.0,S
369,2,0,female,29.0,1,0,SC/AH 29037,26.0,S
370,2,1,female,25.0,1,1,237789,30.0,S
371,2,1,female,45.0,0,2,237789,30.0,S
372,2,0,male,29.0,1,0,2003,26.0,S
373,2,1,female,28.0,1,0,2003,26.0,S
374,2,0,male,29.0,0,0,W./C. 14263,10.5,S
375,2,0,male,28.0,0,0,248740,13.0,S
376,2,1,male,24.0,0,0,28034,10.5,S
377,2,1,female,8.0,0,2,C.A. 31921,26.25,S
378,2,0,male,31.0,1,1,C.A. 31921,26.25,S
379,2,1,female,31.0,1,1,C.A. 31921,26.25,S
380,2,1,female,22.0,0,0,W./C. 14266,10.5,S
381,2,0,female,30.0,0,0,237249,13.0,S
382,2,0,female,3.0,0,0,F.C.C. 13534,21.0,S
383,2,0,male,21.0,0,0,29107,11.5,S
384,2,0,male,3.0,0,0,239853,0.0,S
385,2,1,male,8.0,1,1,C.A. 33112,36.75,S
386,2,0,male,18.0,0,0,S.O.C. 14879,73.5,S
387,2,1,female,48.0,0,2,C.A. 33112,36.75,S
388,2,1,female,28.0,0,0,237668,13.0,S
389,2,0,male,32.0,0,0,244360,13.0,S
390,2,0,male,17.0,0,0,S.O.C. 14879,73.5,S
391,2,0,male,29.0,1,0,SC/PARIS 2167,27.7208,C
392,2,1,female,24.0,1,0,SC/PARIS 2167,27.7208,C
393,2,0,male,25.0,0,0,C.A. 31029,31.5,S
394,2,0,male,18.0,0,0,S.O.C. 14879,73.5,S
395,2,1,female,18.0,0,1,231919,23.0,S
396,2,1,female,34.0,0,1,231919,23.0,S
397,2,0,male,54.0,0,0,28403,26.0,S
398,2,1,male,8.0,0,2,28220,32.5,S
399,2,0,male,42.0,1,1,28220,32.5,S
400,2,1,female,34.0,1,1,28220,32.5,S
401,2,1,female,27.0,1,0,SC/PARIS 2149,13.8583,C
402,2,1,female,30.0,1,0,SC/PARIS 2148,13.8583,C
403,2,0,male,23.0,0,0,29751,13.0,S
404,2,0,male,21.0,0,0,236854,13.0,S
405,2,0,male,18.0,0,0,236171,13.0,S
406,2,0,male,40.0,1,0,2926,26.0,S
407,2,1,female,29.0,1,0,2926,26.0,S
408,2,0,male,18.0,0,0,C.A. 15185,10.5,S
409,2,0,male,36.0,0,0,229236,13.0,S
410,2,0,male,3.0,0,0,239854,0.0,S
411,2,0,female,38.0,0,0,237671,13.0,S
412,2,0,male,35.0,0,0,239865,26.0,S
413,2,0,male,38.0,1,0,28664,21.0,S
414,2,0,male,34.0,1,0,28664,21.0,S
415,2,1,female,34.0,0,0,243880,13.0,S
416,2,0,male,16.0,0,0,239865,26.0,S
417,2,0,male,26.0,0,0,31028,10.5,S
418,2,0,male,47.0,0,0,C.A. 30769,10.5,S
419,2,0,male,21.0,1,0,28133,11.5,S
420,2,0,male,21.0,1,0,28134,11.5,S
421,2,0,male,24.0,0,0,248726,13.5,S
422,2,0,male,24.0,0,0,233866,13.0,S
423,2,0,male,34.0,0,0,12233,13.0,S
424,2,0,male,30.0,0,0,250646,13.0,S
425,2,0,male,52.0,0,0,250647,13.0,S
426,2,0,male,30.0,0,0,250653,13.0,S
427,2,1,male,0.6667,1,1,250649,14.5,S
428,2,1,female,24.0,0,2,250649,14.5,S
429,2,0,male,44.0,0,0,248746,13.0,S
430,2,1,female,6.0,0,1,248727,33.0,S
431,2,0,male,28.0,0,1,248727,33.0,S
432,2,1,male,62.0,0,0,S.W./PP 752,10.5,S
433,2,0,male,30.0,0,0,W/C 14208,10.5,S
434,2,1,female,7.0,0,2,F.C.C. 13529,26.25,S
435,2,0,male,43.0,1,1,F.C.C. 13529,26.25,S
436,2,1,female,45.0,1,1,F.C.C. 13529,26.25,S
437,2,1,female,24.0,1,2,220845,65.0,S
438,2,1,female,24.0,1,2,220845,65.0,S
439,2,0,male,49.0,1,2,220845,65.0,S
440,2,1,female,48.0,1,2,220845,65.0,S
441,2,1,female,55.0,0,0,248706,16.0,S
442,2,0,male,24.0,2,0,S.O.C. 14879,73.5,S
443,2,0,male,32.0,2,0,S.O.C. 14879,73.5,S
444,2,0,male,21.0,2,0,S.O.C. 14879,73.5,S
445,2,0,female,18.0,1,1,250650,13.0,S
446,2,1,female,20.0,2,1,29105,23.0,S
447,2,0,male,23.0,2,1,29104,11.5,S
448,2,0,male,36.0,0,0,242963,13.0,S
449,2,1,female,54.0,1,3,29105,23.0,S
450,2,0,male,50.0,0,0,250643,13.0,S
451,2,0,male,44.0,1,0,26707,26.0,S
452,2,1,female,29.0,1,0,26707,26.0,S
453,2,0,male,21.0,0,0,S.O.C. 14879,73.5,S
454,2,1,male,42.0,0,0,237798,13.0,S
455,2,0,male,63.0,1,0,24065,26.0,S
456,2,0,female,60.0,1,0,24065,26.0,S
457,2,0,male,33.0,0,0,SCO/W 1585,12.275,S
458,2,1,female,17.0,0,0,SO/C 14885,10.5,S
459,2,0,male,42.0,1,0,243847,27.0,S
460,2,1,female,24.0,2,1,243847,27.0,S
461,2,0,male,47.0,0,0,237565,15.0,S
462,2,0,male,24.0,2,0,C.A. 31029,31.5,S
463,2,0,male,22.0,2,0,C.A. 31029,31.5,S
464,2,0,male,32.0,0,0,C.A. 33111,10.5,S
465,2,1,female,23.0,0,0,SC/AH Basle 541,13.7917,C
466,2,0,male,34.0,1,0,244367,26.0,S
467,2,1,female,24.0,1,0,244367,26.0,S
468,2,0,female,22.0,0,0,F.C.C. 13534,21.0,S
469,2,1,female,3.0,0,0,226593,12.35,Q
470,2,0,male,35.0,0,0,233734,12.35,Q
471,2,1,female,45.0,0,0,223596,13.5,S
472,2,0,male,57.0,0,0,219533,12.35,Q
473,2,0,male,3.0,0,0,239855,0.0,S
474,2,0,male,31.0,0,0,C.A. 18723,10.5,S
475,2,0,female,26.0,1,1,250651,26.0,S
476,2,0,male,30.0,1,1,250651,26.0,S
477,2,0,male,3.0,0,0,240261,10.7083,Q
478,2,1,female,1.0,1,2,SC/Paris 2123,41.5792,C
479,2,1,female,3.0,1,2,SC/Paris 2123,41.5792,C
480,2,0,male,25.0,1,2,SC/Paris 2123,41.5792,C
481,2,1,female,22.0,1,2,SC/Paris 2123,41.5792,C
482,2,1,female,17.0,0,0,SC 1748,12.0,C
483,2,1,female,3.0,0,0,248727,33.0,S
484,2,1,female,34.0,0,0,C.A. 34260,10.5,S
485,2,0,male,36.0,0,0,SC/Paris 2163,12.875,C
486,2,0,male,24.0,0,0,C.A. 29566,10.5,S
487,2,0,male,61.0,0,0,235509,12.35,Q
488,2,0,male,50.0,1,0,SC/AH 3085,26.0,S
489,2,1,female,42.0,1,0,SC/AH 3085,26.0,S
490,2,0,female,57.0,0,0,S.O./P.P. 3,10.5,S
491,2,0,male,3.0,0,0,237735,15.0458,C
492,2,1,male,1.0,0,2,S.C./PARIS 2079,37.0042,C
493,2,0,male,31.0,1,1,S.C./PARIS 2079,37.0042,C
494,2,1,female,24.0,1,1,S.C./PARIS 2079,37.0042,C
495,2,0,male,3.0,0,0,SC/A.3 2861,15.5792,C
496,2,0,male,30.0,0,0,28228,13.0,S
497,2,0,male,40.0,0,0,239059,16.0,S
498,2,0,male,32.0,0,0,237216,13.5,S
499,2,0,male,30.0,0,0,233478,13.0,S
500,2,0,male,46.0,0,0,28403,26.0,S
501,2,1,female,13.0,0,1,250644,19.5,S
502,2,1,female,41.0,0,1,250644,19.5,S
503,2,1,male,19.0,0,0,SW/PP 751,10.5,S
504,2,0,male,39.0,0,0,248723,13.0,S
505,2,0,male,48.0,0,0,234360,13.0,S
506,2,0,male,70.0,0,0,C.A. 24580,10.5,S
507,2,0,male,27.0,0,0,211536,13.0,S
508,2,0,male,54.0,0,0,29011,14.0,S
509,2,0,male,39.0,0,0,250655,26.0,S
510,2,0,male,16.0,0,0,S.O./P.P. 3,10.5,S
511,2,0,male,62.0,0,0,240276,9.6875,Q
512,2,0,male,32.5,1,0,237736,30.0708,C
513,2,1,female,14.0,1,0,237736,30.0708,C
514,2,1,male,2.0,1,1,230080,26.0,S
515,2,1,male,3.0,1,1,230080,26.0,S
516,2,0,male,36.5,0,2,230080,26.0,S
517,2,0,male,26.0,0,0,244368,13.0,S
518,2,0,male,19.0,1,1,C.A. 33112,36.75,S
519,2,0,male,28.0,0,0,218629,13.5,S
520,2,1,male,20.0,0,0,SC/PARIS 2166,13.8625,C
521,2,1,female,29.0,0,0,C.A. 29395,10.5,S
522,2,0,male,39.0,0,0,28213,13.0,S
523,2,1,male,22.0,0,0,W./C. 14260,10.5,S
524,2,1,male,3.0,0,0,SC/PARIS 2146,13.8625,C
525,2,0,male,23.0,0,0,244278,10.5,S
526,2,1,male,29.0,0,0,SC/PARIS 2147,13.8583,C
527,2,0,male,28.0,0,0,SC 14888,10.5,S
528,2,0,male,3.0,0,0,239853,0.0,S
529,2,1,female,50.0,0,1,230433,26.0,S
530,2,0,male,19.0,0,0,28665,10.5,S
531,2,0,male,3.0,0,0,SC/PARIS 2131,15.05,C
532,2,0,male,41.0,0,0,237393,13.0,S
533,2,1,female,21.0,0,1,S.O./P.P. 2,21.0,S
534,2,1,female,19.0,0,0,250655,26.0,S
535,2,0,male,43.0,0,1,S.O./P.P. 2,21.0,S
536,2,1,female,32.0,0,0,234604,13.0,S
537,2,0,male,34.0,0,0,250647,13.0,S
538,2,1,male,30.0,0,0,C.A. 34644,12.7375,C
539,2,0,male,27.0,0,0,SC/PARIS 2168,15.0333,C
540,2,1,female,2.0,1,1,26360,26.0,S
541,2,1,female,8.0,1,1,26360,26.0,S
542,2,1,female,33.0,0,2,26360,26.0,S
543,2,0,male,36.0,0,0,C.A. 17248,10.5,S
544,2,0,male,34.0,1,0,31027,21.0,S
545,2,1,female,30.0,3,0,31027,21.0,S
546,2,1,female,28.0,0,0,230434,13.0,S
547,2,0,male,23.0,0,0,SC/PARIS 2133,15.0458,C
548,2,1,male,0.8333,1,1,29106,18.75,S
549,2,1,male,3.0,1,1,29106,18.75,S
550,2,1,female,24.0,2,3,29106,18.75,S
551,2,1,female,50.0,0,0,W./C. 14258,10.5,S
552,2,0,male,19.0,0,0,28004,10.5,S
553,2,1,female,21.0,0,0,C.A. 31026,10.5,S
554,2,0,male,26.0,0,0,248659,13.0,S
555,2,0,male,25.0,0,0,244361,13.0,S
556,2,0,male,27.0,0,0,244358,26.0,S
557,2,1,female,25.0,0,1,230433,26.0,S
558,2,1,female,18.0,0,2,250652,13.0,S
559,2,1,female,20.0,0,0,C.A. 33112,36.75,S
560,2,1,female,30.0,0,0,250648,13.0,S
561,2,0,male,59.0,0,0,237442,13.5,S
562,2,1,female,30.0,0,0,234818,12.35,Q
563,2,0,male,35.0,0,0,28206,10.5,S
564,2,1,female,40.0,0,0,31418,13.0,S
565,2,0,male,25.0,0,0,C.A. 29178,13.0,S
566,2,0,male,41.0,0,0,237734,15.0458,C
567,2,0,male,25.0,0,0,F.C.C. 13540,10.5,S
568,2,0,male,18.5,0,0,248734,13.0,S
569,2,0,male,14.0,0,0,220845,65.0,S
570,2,1,female,50.0,0,0,F.C.C. 13531,10.5,S
571,2,0,male,23.0,0,0,233639,13.0,S
572,2,1,female,28.0,0,0,240929,12.65,S
573,2,1,female,27.0,0,0,34218,10.5,S
574,2,0,male,29.0,1,0,11668,21.0,S
575,2,0,female,27.0,1,0,11668,21.0,S
576,2,0,male,40.0,0,0,28221,13.0,S
577,2,1,female,31.0,0,0,F.C.C. 13528,21.0,S
578,2,0,male,30.0,1,0,CA 31352,21.0,S
579,2,0,male,23.0,1,0,28666,10.5,S
580,2,1,female,31.0,0,0,CA 31352,21.0,S
581,2,0,male,3.0,0,0,239856,0.0,S
582,2,1,female,12.0,0,0,C.A. 33595,15.75,S
583,2,1,female,40.0,0,0,C.A. 33595,15.75,S
584,2,1,female,32.5,0,0,27267,13.0,S
585,2,0,male,27.0,1,0,228414,26.0,S
586,2,1,female,29.0,1,0,228414,26.0,S
587,2,1,male,2.0,1,1,29103,23.0,S
588,2,1,female,4.0,1,1,29103,23.0,S
589,2,1,female,29.0,0,2,29103,23.0,S
590,2,1,female,0.9167,1,2,C.A. 34651,27.75,S
591,2,1,female,5.0,1,2,C.A. 34651,27.75,S
592,2,0,male,36.0,1,2,C.A. 34651,27.75,S
593,2,1,female,33.0,1,2,C.A. 34651,27.75,S
594,2,0,male,66.0,0,0,C.A. 24579,10.5,S
595,2,0,male,3.0,0,0,SC/PARIS 2159,12.875,S
596,2,1,male,31.0,0,0,244270,13.0,S
597,2,1,male,3.0,0,0,244373,13.0,S
598,2,1,female,26.0,0,0,220844,13.5,S
599,2,0,female,24.0,0,0,248747,13.0,S
600,3,0,male,42.0,0,0,C.A. 5547,7.55,S
601,3,0,male,13.0,0,2,C.A. 2673,20.25,S
602,3,0,male,16.0,1,1,C.A. 2673,20.25,S
603,3,1,female,35.0,1,1,C.A. 2673,20.25,S
604,3,1,female,16.0,0,0,348125,7.65,S
605,3,1,male,25.0,0,0,348122,7.65,S
606,3,1,male,20.0,0,0,SOTON/O2 3101284,7.925,S
607,3,1,female,18.0,0,0,2657,7.2292,C
608,3,0,male,30.0,0,0,C 7076,7.25,S
609,3,0,male,26.0,0,0,341826,8.05,S
610,3,0,female,40.0,1,0,7546,9.475,S
611,3,1,male,0.8333,0,1,392091,9.35,S
612,3,1,female,18.0,0,1,392091,9.35,S
613,3,1,male,26.0,0,0,2699,18.7875,C
614,3,0,male,26.0,0,0,3474,7.8875,S
615,3,0,male,20.0,0,0,SOTON/O2 3101287,7.925,S
616,3,0,male,24.0,0,0,SOTON/O.Q. 3101311,7.05,S
617,3,0,male,25.0,0,0,SOTON/O.Q. 3101312,7.05,S
618,3,0,male,35.0,0,0,373450,8.05,S
619,3,0,male,18.0,0,0,2223,8.3,S
620,3,0,male,32.0,0,0,C 4001,22.525,S
621,3,1,female,19.0,1,0,350046,7.8542,S
622,3,0,male,4.0,4,2,347082,31.275,S
623,3,0,female,6.0,4,2,347082,31.275,S
624,3,0,female,2.0,4,2,347082,31.275,S
625,3,1,female,17.0,4,2,3101281,7.925,S
626,3,0,female,38.0,4,2,347091,7.775,S
627,3,0,female,9.0,4,2,347082,31.275,S
628,3,0,female,11.0,4,2,347082,31.275,S
629,3,0,male,39.0,1,5,347082,31.275,S
630,3,1,male,27.0,0,0,350043,7.7958,S
631,3,0,male,26.0,0,0,347075,7.775,S
632,3,0,female,39.0,1,5,347082,31.275,S
633,3,0,male,20.0,0,0,347466,7.8542,S
634,3,0,male,26.0,0,0,349202,7.8958,S
635,3,0,male,25.0,1,0,349237,17.8,S
636,3,0,female,18.0,1,0,349237,17.8,S
637,3,0,male,24.0,0,0,349911,7.775,S
638,3,0,male,35.0,0,0,SOTON/O.Q. 3101310,7.05,S
639,3,0,male,5.0,4,2,347077,31.3875,S
640,3,0,male,9.0,4,2,347077,31.3875,S
641,3,1,male,3.0,4,2,347077,31.3875,S
642,3,0,male,13.0,4,2,347077,31.3875,S
643,3,1,female,5.0,4,2,347077,31.3875,S
644,3,0,male,40.0,1,5,347077,31.3875,S
645,3,1,male,23.0,0,0,350054,7.7958,S
646,3,1,female,38.0,1,5,347077,31.3875,S
647,3,1,female,45.0,0,0,2696,7.225,C
648,3,0,male,21.0,0,0,2692,7.225,C
649,3,0,male,23.0,0,0,SOTON/O.Q. 3101309,7.05,S
650,3,0,female,17.0,0,0,2627,14.4583,C
651,3,0,male,30.0,0,0,2694,7.225,C
652,3,0,male,23.0,0,0,347468,7.8542,S
653,3,1,female,13.0,0,0,2687,7.2292,C
654,3,0,male,20.0,0,0,2679,7.225,C
655,3,0,male,32.0,1,0,3101278,15.85,S
656,3,1,female,33.0,3,0,3101278,15.85,S
657,3,1,female,0.75,2,1,2666,19.2583,C
658,3,1,female,0.75,2,1,2666,19.2583,C
659,3,1,female,5.0,2,1,2666,19.2583,C
660,3,1,female,24.0,0,3,2666,19.2583,C
661,3,1,female,18.0,0,0,A/4 31416,8.05,S
662,3,0,male,40.0,0,0,2623,7.225,C
663,3,0,male,26.0,0,0,349248,7.8958,S
664,3,1,male,20.0,0,0,2663,7.2292,C
665,3,0,female,18.0,0,1,2691,14.4542,C
666,3,0,female,45.0,0,1,2691,14.4542,C
667,3,0,female,27.0,0,0,330844,7.8792,Q
668,3,0,male,22.0,0,0,324669,8.05,S
669,3,0,male,19.0,0,0,323951,8.05,S
670,3,0,male,26.0,0,0,347068,7.775,S
671,3,0,male,22.0,0,0,PP 4348,9.35,S
672,3,0,male,3.0,0,0,2622,7.2292,C
673,3,0,male,20.0,0,0,2648,4.0125,C
674,3,1,male,32.0,0,0,1601,56.4958,S
675,3,0,male,21.0,0,0,312992,7.775,S
676,3,0,male,18.0,0,0,347090,7.75,S
677,3,0,male,26.0,0,0,349224,7.8958,S
678,3,0,male,6.0,1,1,2678,15.2458,C
679,3,0,female,9.0,1,1,2678,15.2458,C
680,3,0,male,3.0,0,0,2664,7.225,C
681,3,0,female,3.0,0,2,2678,15.2458,C
682,3,0,female,3.0,0,2,364848,7.75,Q
683,3,0,male,40.0,1,1,364849,15.5,Q
684,3,0,female,32.0,1,1,364849,15.5,Q
685,3,0,male,21.0,0,0,54636,16.1,S
686,3,1,female,22.0,0,0,334914,7.725,Q
687,3,0,female,20.0,0,0,347471,7.8542,S
688,3,0,male,29.0,1,0,3460,7.0458,S
689,3,0,male,22.0,1,0,A/5 21171,7.25,S
690,3,0,male,22.0,0,0,350045,7.7958,S
691,3,0,male,35.0,0,0,364512,8.05,S
692,3,0,female,18.5,0,0,329944,7.2833,Q
693,3,1,male,21.0,0,0,330920,7.8208,Q
694,3,0,male,19.0,0,0,365222,6.75,Q
695,3,0,female,18.0,0,0,330963,7.8792,Q
696,3,0,female,21.0,0,0,315087,8.6625,S
697,3,0,female,30.0,0,0,315084,8.6625,S
698,3,0,male,18.0,0,0,315091,8.6625,S
699,3,0,male,38.0,0,0,315089,8.6625,S
700,3,0,male,17.0,0,0,315093,8.6625,S
701,3,0,male,17.0,0,0,315086,8.6625,S
702,3,0,female,21.0,0,0,364846,7.75,Q
703,3,0,male,21.0,0,0,364858,7.75,Q
704,3,0,male,21.0,0,0,A./5. 2152,8.05,S
705,3,0,male,3.0,1,0,2689,14.4583,C
706,3,0,female,3.0,1,0,2689,14.4583,C
707,3,0,male,28.0,0,0,350042,7.7958,S
708,3,0,male,24.0,0,0,350409,7.8542,S
709,3,1,female,16.0,0,0,367231,7.75,Q
710,3,0,female,37.0,0,0,368364,7.75,Q
711,3,0,male,28.0,0,0,392095,7.25,S
712,3,0,male,24.0,0,0,343275,8.05,S
713,3,0,male,21.0,0,0,A/5. 13032,7.7333,Q
714,3,1,male,32.0,0,0,1601,56.4958,S
715,3,0,male,29.0,0,0,343276,8.05,S
716,3,0,male,26.0,1,0,2680,14.4542,C
717,3,0,male,18.0,1,0,2680,14.4542,C
718,3,0,male,20.0,0,0,SOTON/O.Q. 3101307,7.05,S
719,3,1,male,18.0,0,0,A/5 3540,8.05,S
720,3,0,male,24.0,0,0,371109,7.25,Q
721,3,0,male,36.0,0,0,349210,7.4958,S
722,3,0,male,24.0,0,0,349209,7.4958,S
723,3,0,male,31.0,0,0,21332,7.7333,Q
724,3,0,male,31.0,0,0,335097,7.75,Q
725,3,1,female,22.0,0,0,370373,7.75,Q
726,3,0,female,30.0,0,0,330972,7.6292,Q
727,3,0,male,70.5,0,0,370369,7.75,Q
728,3,0,male,43.0,0,0,A/5 3536,8.05,S
729,3,0,male,35.0,0,0,349230,7.8958,S
730,3,0,male,27.0,0,0,349229,7.8958,S
731,3,0,male,19.0,0,0,349231,7.8958,S
732,3,0,male,30.0,0,0,SOTON/OQ 392090,8.05,S
733,3,1,male,9.0,1,1,C.A. 37671,15.9,S
734,3,1,male,3.0,1,1,C.A. 37671,15.9,S
735,3,1,female,36.0,0,2,C.A. 37671,15.9,S
736,3,0,male,59.0,0,0,364500,7.25,S
737,3,0,male,19.0,0,0,S.P. 3464,8.1583,S
738,3,1,female,17.0,0,1,371362,16.1,S
739,3,0,male,44.0,0,1,371362,16.1,S
740,3,0,male,17.0,0,0,315090,8.6625,S
741,3,0,male,22.5,0,0,2698,7.225,C
742,3,1,male,45.0,0,0,7598,8.05,S
743,3,0,female,22.0,0,0,7552,10.5167,S
744,3,0,male,19.0,0,0,349228,10.1708,S
745,3,1,female,30.0,0,0,382650,6.95,Q
746,3,1,male,29.0,0,0,382651,7.75,Q
747,3,0,male,0.3333,0,2,347080,14.4,S
748,3,0,male,34.0,1,1,347080,14.4,S
749,3,0,female,28.0,1,1,347080,14.4,S
750,3,0,male,27.0,0,0,349219,7.8958,S
751,3,0,male,25.0,0,0,349203,7.8958,S
752,3,0,male,24.0,2,0,A/4 48871,24.15,S
753,3,0,male,22.0,0,0,SC/A4 23568,8.05,S
754,3,0,male,21.0,2,0,A/4 48871,24.15,S
755,3,0,male,17.0,2,0,A/4 48873,8.05,S
756,3,0,male,3.0,1,0,386525,16.1,S
757,3,1,female,3.0,1,0,386525,16.1,S
758,3,1,male,36.5,1,0,345572,17.4,S
759,3,1,female,36.0,1,0,345572,17.4,S
760,3,1,male,30.0,0,0,345774,9.5,S
761,3,0,male,16.0,0,0,345778,9.5,S
762,3,1,male,1.0,1,2,C.A. 2315,20.575,S
763,3,1,female,0.1667,1,2,C.A. 2315,20.575,S
764,3,0,male,26.0,1,2,C.A. 2315,20.575,S
765,3,1,female,33.0,1,2,C.A. 2315,20.575,S
766,3,0,male,25.0,0,0,349250,7.8958,S
767,3,0,male,3.0,0,0,349238,7.8958,S
768,3,0,male,3.0,0,0,349225,7.8958,S
769,3,0,male,22.0,0,0,A/5 21172,7.25,S
770,3,0,male,36.0,0,0,A/5 21175,7.25,S
771,3,1,female,19.0,0,0,330958,7.8792,Q
772,3,0,male,17.0,0,0,349232,7.8958,S
773,3,0,male,42.0,0,0,315088,8.6625,S
774,3,0,male,43.0,0,0,349226,7.8958,S
775,3,0,male,3.0,0,0,2686,7.2292,C
776,3,0,male,32.0,0,0,370376,7.75,Q
777,3,1,male,19.0,0,0,A/5. 10482,8.05,S
778,3,1,female,30.0,0,0,364516,12.475,S
779,3,0,female,24.0,0,0,368702,7.75,Q
780,3,1,female,23.0,0,0,SOTON/OQ 392083,8.05,S
781,3,0,male,33.0,0,0,349241,7.8958,C
782,3,0,male,65.0,0,0,336439,7.75,Q
783,3,1,male,24.0,0,0,S.O./P.P. 752,7.55,S
784,3,0,male,23.0,1,0,347072,13.9,S
785,3,1,female,22.0,1,0,347072,13.9,S
786,3,0,male,18.0,0,0,349912,7.775,S
787,3,0,male,16.0,0,0,347074,7.775,S
788,3,0,male,45.0,0,0,347061,6.975,S
789,3,0,male,3.0,0,0,2674,7.225,C
790,3,0,male,39.0,0,2,2675,7.2292,C
791,3,0,male,17.0,1,1,2690,7.2292,C
792,3,0,male,15.0,1,1,2695,7.2292,C
793,3,0,male,47.0,0,0,A/5 3902,7.25,S
794,3,1,female,5.0,0,0,364516,12.475,S
795,3,0,male,3.0,0,0,2631,7.225,C
796,3,0,male,40.5,0,0,C.A. 6212,15.1,S
797,3,0,male,40.5,0,0,367232,7.75,Q
798,3,1,male,3.0,0,0,SOTON/O.Q. 3101308,7.05,S
799,3,0,male,18.0,0,0,350036,7.7958,S
800,3,0,female,3.0,0,0,364859,7.75,Q
801,3,0,male,3.0,0,0,364851,7.75,Q
802,3,0,male,3.0,0,0,368323,6.95,Q
803,3,0,male,26.0,0,0,330910,7.8792,Q
804,3,0,male,3.0,0,0,365235,7.75,Q
805,3,1,male,3.0,0,0,1601,56.4958,S
806,3,0,female,21.0,2,2,W./C. 6608,34.375,S
807,3,0,female,9.0,2,2,W./C. 6608,34.375,S
808,3,0,male,3.0,0,0,A/5 1478,8.05,S
809,3,0,male,18.0,2,2,W./C. 6608,34.375,S
810,3,0,male,16.0,1,3,W./C. 6608,34.375,S
811,3,0,female,48.0,1,3,W./C. 6608,34.375,S
812,3,0,male,3.0,0,0,368573,7.75,Q
813,3,0,male,3.0,0,0,SOTON/O.Q. 3101314,7.25,S
814,3,0,male,25.0,0,0,36864,7.7417,Q
815,3,0,male,3.0,0,0,358585,14.5,S
816,3,0,male,3.0,0,0,349254,7.8958,C
817,3,0,male,22.0,0,0,14973,8.05,S
818,3,1,female,16.0,0,0,35851,7.7333,Q
819,3,1,female,3.0,0,0,335677,7.75,Q
820,3,1,male,9.0,0,2,363291,20.525,S
821,3,0,male,33.0,1,1,363291,20.525,S
822,3,0,male,41.0,0,0,SOTON/O.Q. 3101263,7.85,S
823,3,1,female,31.0,1,1,363291,20.525,S
824,3,0,male,38.0,0,0,SOTON/O.Q. 3101306,7.05,S
825,3,0,male,9.0,5,2,CA 2144,46.9,S
826,3,0,male,1.0,5,2,CA 2144,46.9,S
827,3,0,male,11.0,5,2,CA 2144,46.9,S
828,3,0,female,10.0,5,2,CA 2144,46.9,S
829,3,0,female,16.0,5,2,CA 2144,46.9,S
830,3,0,male,14.0,5,2,CA 2144,46.9,S
831,3,0,male,40.0,1,6,CA 2144,46.9,S
832,3,0,female,43.0,1,6,CA 2144,46.9,S
833,3,0,male,51.0,0,0,21440,8.05,S
834,3,0,male,32.0,0,0,8471,8.3625,S
835,3,0,male,3.0,0,0,376563,8.05,S
836,3,0,male,20.0,0,0,7534,9.8458,S
837,3,0,male,37.0,2,0,3101276,7.925,S
838,3,0,male,28.0,2,0,3101277,7.925,S
839,3,0,male,19.0,0,0,347069,7.775,S
840,3,0,female,24.0,0,0,349236,8.85,S
841,3,0,female,17.0,0,0,AQ/3. 30631,7.7333,Q
842,3,0,male,3.0,1,0,65303,19.9667,S
843,3,0,male,3.0,1,0,65304,19.9667,S
844,3,0,male,28.0,1,0,STON/O2. 3101279,15.85,S
845,3,1,female,24.0,1,0,STON/O2. 3101279,15.85,S
846,3,0,male,20.0,0,0,345769,9.5,S
847,3,0,male,23.5,0,0,2693,7.2292,C
848,3,0,male,41.0,2,0,350026,14.1083,S
849,3,0,male,26.0,1,0,350025,7.8542,S
850,3,0,male,21.0,0,0,350029,7.8542,S
851,3,1,female,45.0,1,0,350026,14.1083,S
852,3,0,female,3.0,0,0,W./C. 6609,7.55,S
853,3,0,male,25.0,0,0,374887,7.25,S
854,3,0,male,3.0,0,0,394140,6.8583,Q
855,3,0,male,11.0,0,0,2699,18.7875,C
856,3,1,female,3.0,0,0,370375,7.75,Q
857,3,1,male,27.0,0,0,347089,6.975,S
858,3,1,male,3.0,0,0,1601,56.4958,S
859,3,0,female,18.0,0,0,365226,6.75,Q
860,3,1,female,26.0,0,0,STON/O2. 3101282,7.925,S
861,3,0,female,23.0,0,0,STON/O2. 3101290,7.925,S
862,3,1,female,22.0,0,0,7548,8.9625,S
863,3,0,male,28.0,0,0,349243,7.8958,S
864,3,0,female,28.0,0,0,347086,7.775,S
865,3,0,female,3.0,0,0,382649,7.75,Q
866,3,1,female,2.0,0,1,3101298,12.2875,S
867,3,1,female,22.0,1,1,3101298,12.2875,S
868,3,0,male,43.0,0,0,C 7075,6.45,S
869,3,0,male,28.0,0,0,C 4001,22.525,S
870,3,1,female,27.0,0,0,STON/O2. 3101283,7.925,S
871,3,0,male,3.0,0,0,370377,7.75,Q
872,3,1,female,3.0,0,0,A. 2. 39186,8.05,S
873,3,0,male,42.0,0,0,348121,7.65,S
874,3,1,male,3.0,0,0,3470,7.8875,S
875,3,0,male,30.0,0,0,2685,7.2292,C
876,3,0,male,3.0,0,0,349220,7.8958,S
877,3,0,female,27.0,1,0,STON/O2. 3101270,7.925,S
878,3,0,female,25.0,1,0,STON/O2. 3101271,7.925,S
879,3,0,male,3.0,0,0,349201,7.8958,S
880,3,1,male,29.0,0,0,349240,7.8958,C
881,3,1,male,21.0,0,0,350034,7.7958,S
882,3,0,male,3.0,0,0,SOTON/O.Q. 3101305,7.05,S
883,3,0,male,20.0,0,0,350050,7.8542,S
884,3,0,male,48.0,0,0,350047,7.8542,S
885,3,0,male,17.0,1,0,350048,7.0542,S
886,3,1,female,3.0,0,0,14313,7.75,Q
887,3,1,male,3.0,0,0,65306,8.1125,S
888,3,0,male,34.0,0,0,3101264,6.4958,S
889,3,1,male,26.0,0,0,347070,7.775,S
890,3,0,male,22.0,0,0,350052,7.7958,S
891,3,0,male,33.0,0,0,7540,8.6542,S
892,3,0,male,31.0,0,0,347063,7.775,S
893,3,0,male,29.0,0,0,347467,7.8542,S
894,3,1,male,4.0,1,1,347742,11.1333,S
895,3,1,female,1.0,1,1,347742,11.1333,S
896,3,0,male,49.0,0,0,LINE,0.0,S
897,3,0,male,33.0,0,0,347062,7.775,S
898,3,0,male,19.0,0,0,LINE,0.0,S
899,3,1,female,27.0,0,2,347742,11.1333,S
900,3,0,male,3.0,1,2,W./C. 6607,23.45,S
901,3,0,female,3.0,1,2,W./C. 6607,23.45,S
902,3,0,male,3.0,1,2,W./C. 6607,23.45,S
903,3,0,female,3.0,1,2,W./C. 6607,23.45,S
904,3,0,male,23.0,0,0,349204,7.8958,S
905,3,1,male,32.0,0,0,350417,7.8542,S
906,3,0,male,27.0,0,0,350408,7.8542,S
907,3,0,female,20.0,1,0,4136,9.825,S
908,3,0,female,21.0,1,0,4137,9.825,S
909,3,1,male,32.0,0,0,STON/O 2. 3101286,7.925,S
910,3,0,male,17.0,0,0,STON/O 2. 3101274,7.125,S
911,3,0,male,21.0,0,0,8475,8.4333,S
912,3,0,male,30.0,0,0,349246,7.8958,S
913,3,1,male,21.0,0,0,350053,7.7958,S
914,3,0,male,33.0,0,0,347465,7.8542,S
915,3,0,male,22.0,0,0,350060,7.5208,S
916,3,1,female,4.0,0,1,349256,13.4167,C
917,3,1,male,39.0,0,1,349256,13.4167,C
918,3,0,male,3.0,0,0,2700,7.2292,C
919,3,0,male,18.5,0,0,2682,7.2292,C
920,3,0,male,3.0,0,0,12460,7.75,Q
921,3,0,male,3.0,0,0,323592,7.25,S
922,3,1,female,3.0,0,0,9234,7.75,Q
923,3,1,female,3.0,0,0,14312,7.75,Q
924,3,0,male,34.5,0,0,330911,7.8292,Q
925,3,0,male,44.0,0,0,363592,8.05,S
926,3,1,male,3.0,0,0,368783,7.75,Q
927,3,0,male,3.0,1,0,2660,14.4542,C
928,3,0,female,3.0,1,0,2660,14.4542,C
929,3,0,male,3.0,1,0,367227,7.75,Q
930,3,0,male,3.0,1,0,367229,7.75,Q
931,3,0,male,3.0,0,0,36865,7.7375,Q
932,3,0,female,22.0,2,0,315152,8.6625,S
933,3,0,male,26.0,2,0,315151,8.6625,S
934,3,1,female,4.0,0,2,315153,22.025,S
935,3,1,male,29.0,3,1,315153,22.025,S
936,3,1,female,26.0,1,1,315153,22.025,S
937,3,0,female,1.0,1,1,350405,12.1833,S
938,3,0,male,18.0,1,1,350404,7.8542,S
939,3,0,female,36.0,0,2,350405,12.1833,S
940,3,0,male,3.0,0,0,349253,7.8958,C
941,3,1,male,25.0,0,0,2654,7.2292,C
942,3,0,male,3.0,0,0,2624,7.225,C
943,3,0,female,37.0,0,0,4135,9.5875,S
944,3,0,male,3.0,0,0,349217,7.8958,S
945,3,1,male,3.0,0,0,1601,56.4958,S
946,3,0,male,3.0,0,0,1601,56.4958,S
947,3,1,female,22.0,0,0,C 7077,7.25,S
948,3,0,male,3.0,0,0,7935,7.75,Q
949,3,1,male,26.0,0,0,1601,56.4958,S
950,3,0,male,29.0,0,0,7545,9.4833,S
951,3,0,male,29.0,0,0,347067,7.775,S
952,3,0,male,22.0,0,0,347065,7.775,S
953,3,1,male,22.0,0,0,2620,7.225,C
954,3,0,male,3.0,3,1,4133,25.4667,S
955,3,0,female,3.0,3,1,4133,25.4667,S
956,3,0,female,3.0,3,1,4133,25.4667,S
957,3,0,female,3.0,3,1,4133,25.4667,S
958,3,0,female,3.0,0,4,4133,25.4667,S
959,3,0,male,32.0,0,0,STON/O 2. 3101292,7.925,S
960,3,0,male,34.5,0,0,2683,6.4375,C
961,3,0,female,3.0,1,0,370371,15.5,Q
962,3,0,male,3.0,1,0,370371,15.5,Q
963,3,0,male,36.0,0,0,LINE,0.0,S
964,3,0,male,39.0,0,0,A/4 48871,24.15,S
965,3,0,male,24.0,0,0,345781,9.5,S
966,3,0,female,25.0,0,0,347071,7.775,S
967,3,0,female,45.0,0,0,347073,7.75,S
968,3,0,male,36.0,1,0,349910,15.55,S
969,3,0,female,30.0,1,0,349910,15.55,S
970,3,1,male,20.0,1,0,STON/O 2. 3101285,7.925,S
971,3,0,male,3.0,0,0,330971,7.8792,Q
972,3,0,male,28.0,0,0,1601,56.4958,S
973,3,0,male,3.0,0,0,S.O./P.P. 251,7.55,S
974,3,0,male,30.0,1,0,A/5. 3336,16.1,S
975,3,0,female,26.0,1,0,A/5. 3336,16.1,S
976,3,0,male,3.0,0,0,1222,7.8792,S
977,3,0,male,20.5,0,0,A/5 21173,7.25,S
978,3,1,male,27.0,0,0,315098,8.6625,S
979,3,0,male,51.0,0,0,347743,7.0542,S
980,3,1,female,23.0,0,0,347469,7.8542,S
981,3,1,male,32.0,0,0,350403,7.5792,S
982,3,0,male,3.0,0,0,349235,7.8958,S
983,3,0,male,3.0,0,0,C.A. 42795,7.55,S
984,3,1,female,3.0,0,0,370370,7.75,Q
985,3,1,male,24.0,0,0,C 17369,7.1417,S
986,3,0,male,22.0,0,0,STON/O 2. 3101275,7.125,S
987,3,0,female,3.0,0,0,330924,7.8792,Q
988,3,0,male,3.0,0,0,AQ/4 3130,7.75,Q
989,3,0,male,3.0,0,0,A/S 2816,8.05,S
990,3,0,male,29.0,0,0,STON/O 2. 3101268,7.925,S
991,3,1,male,3.0,0,0,2677,7.2292,C
992,3,0,female,30.5,0,0,364850,7.75,Q
993,3,1,female,3.0,0,0,36866,7.7375,Q
994,3,0,male,3.0,0,0,2655,7.2292,C
995,3,0,male,35.0,0,0,349213,7.8958,C
996,3,0,male,33.0,0,0,349257,7.8958,S
997,3,1,female,3.0,0,0,2649,7.225,C
998,3,0,male,3.0,0,0,349255,7.8958,C
999,3,1,female,3.0,0,0,383123,7.75,Q
1000,3,1,male,3.0,0,0,367228,7.75,Q
1001,3,1,female,3.0,2,0,367226,23.25,Q
1002,3,1,female,3.0,2,0,367226,23.25,Q
1003,3,1,male,3.0,2,0,367226,23.25,Q
1004,3,1,female,3.0,0,0,330932,7.7875,Q
1005,3,0,male,3.0,0,0,36568,15.5,Q
1006,3,1,female,3.0,0,0,330931,7.8792,Q
1007,3,1,female,15.0,0,0,330923,8.0292,Q
1008,3,0,female,35.0,0,0,9232,7.75,Q
1009,3,0,male,3.0,0,0,370372,7.75,Q
1010,3,0,male,24.0,1,0,376566,16.1,S
1011,3,0,female,19.0,1,0,376566,16.1,S
1012,3,0,female,3.0,0,0,370368,7.75,Q
1013,3,0,female,3.0,0,0,SOTON/O.Q. 392087,8.05,S
1014,3,0,female,3.0,0,0,343095,8.05,S
1015,3,0,male,55.5,0,0,A.5. 11206,8.05,S
1016,3,0,male,3.0,0,0,368703,7.75,Q
1017,3,1,male,21.0,0,0,345501,7.775,S
1018,3,0,male,3.0,0,0,359306,8.05,S
1019,3,0,male,24.0,0,0,349233,7.8958,S
1020,3,0,male,21.0,0,0,349211,7.8958,S
1021,3,0,male,28.0,0,0,349207,7.8958,S
1022,3,0,male,3.0,0,0,349221,7.8958,S
1023,3,1,female,3.0,0,0,330980,7.8792,Q
1024,3,0,male,25.0,0,0,348123,7.65,S
1025,3,1,male,6.0,0,1,392096,12.475,S
1026,3,1,female,27.0,0,1,392096,12.475,S
1027,3,0,male,3.0,0,0,A4. 54510,8.05,S
1028,3,1,female,3.0,1,0,371110,24.15,Q
1029,3,0,male,3.0,1,0,371110,24.15,Q
1030,3,0,male,3.0,0,0,330877,8.4583,Q
1031,3,0,male,34.0,0,0,364506,8.05,S
1032,3,0,male,3.0,0,0,372622,7.75,Q
1033,3,1,male,3.0,0,0,312991,7.775,S
1034,3,1,male,3.0,1,1,2661,15.2458,C
1035,3,1,male,3.0,1,1,2661,15.2458,C
1036,3,1,female,3.0,0,2,2661,15.2458,C
1037,3,1,female,3.0,0,0,2626,7.2292,C
1038,3,0,male,3.0,0,0,374746,8.05,S
1039,3,1,female,3.0,0,0,35852,7.7333,Q
1040,3,1,female,24.0,0,0,382653,7.75,Q
1041,3,0,male,3.0,0,0,A./5. 3235,8.05,S
1042,3,1,female,3.0,1,0,367230,15.5,Q
1043,3,1,female,3.0,1,0,367230,15.5,Q
1044,3,1,female,3.0,0,0,36568,15.5,Q
1045,3,0,male,18.0,0,0,347078,7.75,S
1046,3,0,male,22.0,0,0,349206,7.8958,S
1047,3,1,female,15.0,0,0,2667,7.225,C
1048,3,1,female,1.0,0,2,2653,15.7417,C
1049,3,1,male,20.0,1,1,2653,15.7417,C
1050,3,1,female,19.0,1,1,2653,15.7417,C
1051,3,0,male,33.0,0,0,A./5. 3338,8.05,S
1052,3,0,male,3.0,0,0,349218,7.8958,S
1053,3,0,male,3.0,0,0,2652,7.2292,C
1054,3,0,female,3.0,0,0,365237,7.75,Q
1055,3,0,male,3.0,0,0,349234,7.8958,S
1056,3,1,male,12.0,1,0,2651,11.2417,C
1057,3,1,female,14.0,1,0,2651,11.2417,C
1058,3,0,female,29.0,0,0,3101297,7.925,S
1059,3,0,male,28.0,0,0,363611,8.05,S
1060,3,1,female,18.0,0,0,347066,7.775,S
1061,3,1,female,26.0,0,0,347470,7.8542,S
1062,3,0,male,21.0,0,0,350410,7.8542,S
1063,3,0,male,41.0,0,0,SOTON/O2 3101272,7.125,S
1064,3,1,male,39.0,0,0,STON/O 2. 3101289,7.925,S
1065,3,0,male,21.0,0,0,A/4. 39886,7.8,S
1066,3,0,male,28.5,0,0,2697,7.2292,C
1067,3,1,female,22.0,0,0,347081,7.75,S
1068,3,0,male,61.0,0,0,345364,6.2375,S
1069,3,0,male,3.0,1,0,370365,15.5,Q
1070,3,0,male,3.0,0,0,330979,7.8292,Q
1071,3,1,female,3.0,1,0,370365,15.5,Q
1072,3,0,male,3.0,0,0,334912,7.7333,Q
1073,3,0,male,3.0,0,0,371060,7.75,Q
1074,3,0,male,3.0,0,0,366713,7.75,Q
1075,3,0,male,23.0,0,0,7267,9.225,S
1076,3,0,female,3.0,0,0,364856,7.75,Q
1077,3,1,female,3.0,0,0,14311,7.75,Q
1078,3,1,female,3.0,0,0,330959,7.8792,Q
1079,3,1,female,22.0,0,0,347085,7.775,S
1080,3,1,male,3.0,0,0,368402,7.75,Q
1081,3,1,female,3.0,0,0,330919,7.8292,Q
1082,3,1,male,9.0,0,1,C 17368,3.1708,S
1083,3,0,male,28.0,0,0,C 4001,22.525,S
1084,3,0,male,42.0,0,1,4579,8.4042,S
1085,3,0,male,3.0,0,0,Fa 265302,7.3125,S
1086,3,0,female,31.0,0,0,350407,7.8542,S
1087,3,0,male,28.0,0,0,347464,7.8542,S
1088,3,1,male,32.0,0,0,347079,7.775,S
1089,3,0,male,20.0,0,0,6563,9.225,S
1090,3,0,female,23.0,0,0,315085,8.6625,S
1091,3,0,female,20.0,0,0,315096,8.6625,S
1092,3,0,male,20.0,0,0,315094,8.6625,S
1093,3,0,male,16.0,0,0,7534,9.2167,S
1094,3,1,female,31.0,0,0,349244,8.6833,S
1095,3,0,female,3.0,0,0,330909,7.6292,Q
1096,3,0,male,2.0,3,1,349909,21.075,S
1097,3,0,male,6.0,3,1,349909,21.075,S
1098,3,0,female,3.0,3,1,349909,21.075,S
1099,3,0,female,8.0,3,1,349909,21.075,S
1100,3,0,female,29.0,0,4,349909,21.075,S
1101,3,0,male,1.0,4,1,3101295,39.6875,S
1102,3,0,male,7.0,4,1,3101295,39.6875,S
1103,3,0,male,2.0,4,1,3101295,39.6875,S
1104,3,0,male,16.0,4,1,3101295,39.6875,S
1105,3,0,male,14.0,4,1,3101295,39.6875,S
1106,3,0,female,41.0,0,5,3101295,39.6875,S
1107,3,0,male,21.0,0,0,315097,8.6625,S
1108,3,0,male,19.0,0,0,358585,14.5,S
1109,3,0,male,3.0,0,0,3411,8.7125,C
1110,3,0,male,32.0,0,0,349242,7.8958,S
1111,3,0,male,0.75,1,1,SOTON/O.Q. 3101315,13.775,S
1112,3,0,female,3.0,1,1,SOTON/O.Q. 3101315,13.775,S
1113,3,0,female,26.0,0,2,SOTON/O.Q. 3101315,13.775,S
1114,3,0,male,3.0,0,0,343271,7.0,S
1115,3,0,male,3.0,0,0,345498,7.775,S
1116,3,0,male,3.0,0,0,A/5 2817,8.05,S
1117,3,0,male,21.0,0,0,STON/O 2. 3101294,7.925,S
1118,3,0,male,25.0,0,0,STON/O 2. 3101291,7.925,S
1119,3,0,male,22.0,0,0,A/5 21174,7.25,S
1120,3,1,male,25.0,1,0,347083,7.775,S
1121,3,1,male,3.0,1,1,2668,22.3583,C
1122,3,1,female,3.0,1,1,2668,22.3583,C
1123,3,1,female,3.0,0,2,2668,22.3583,C
1124,3,0,female,3.0,0,0,330935,8.1375,Q
1125,3,0,male,24.0,0,0,342441,8.05,S
1126,3,0,female,28.0,0,0,349245,7.8958,S
1127,3,0,male,19.0,0,0,349212,7.8958,S
1128,3,0,male,3.0,0,0,349215,7.8958,S
1129,3,0,male,25.0,1,0,347076,7.775,S
1130,3,0,female,18.0,0,0,347087,7.775,S
1131,3,1,male,32.0,0,0,SOTON/O.Q. 392078,8.05,S
1132,3,0,male,3.0,0,0,349227,7.8958,S
1133,3,0,male,17.0,0,0,315095,8.6625,S
1134,3,0,male,24.0,0,0,315092,8.6625,S
1135,3,0,male,3.0,0,0,349223,7.8958,S
1136,3,0,female,3.0,0,0,65305,8.1125,S
1137,3,0,male,3.0,0,0,2629,7.2292,C
1138,3,0,male,3.0,0,0,362316,7.25,S
1139,3,0,male,38.0,0,0,349249,7.8958,S
1140,3,0,male,21.0,0,0,342684,8.05,S
1141,3,0,male,10.0,4,1,382652,29.125,Q
1142,3,0,male,4.0,4,1,382652,29.125,Q
1143,3,0,male,7.0,4,1,382652,29.125,Q
1144,3,0,male,2.0,4,1,382652,29.125,Q
1145,3,0,male,8.0,4,1,382652,29.125,Q
1146,3,0,female,39.0,0,5,382652,29.125,Q
1147,3,0,female,22.0,0,0,3101295,39.6875,S
1148,3,0,male,35.0,0,0,STON/O 2. 3101273,7.125,S
1149,3,1,female,3.0,0,0,334915,7.7208,Q
1150,3,0,male,3.0,0,0,364498,14.5,S
1151,3,0,female,3.0,0,0,364498,14.5,S
1152,3,0,male,50.0,1,0,A/5. 3337,14.5,S
1153,3,0,female,47.0,1,0,A/5. 3337,14.5,S
1154,3,0,male,3.0,0,0,S.C./A.4. 23567,8.05,S
1155,3,0,male,3.0,0,0,312993,7.775,S
1156,3,0,female,2.0,1,1,370129,20.2125,S
1157,3,0,male,18.0,1,1,370129,20.2125,S
1158,3,0,female,41.0,0,2,370129,20.2125,S
1159,3,1,female,3.0,0,0,342712,8.05,S
1160,3,0,male,50.0,0,0,A/5 3594,8.05,S
1161,3,0,male,16.0,0,0,A/4. 20589,8.05,S
1162,3,1,male,3.0,0,0,383162,7.75,Q
1163,3,0,male,3.0,0,0,371110,24.15,Q
1164,3,0,male,3.0,0,0,2671,7.2292,C
1165,3,0,male,25.0,0,0,2672,7.225,C
1166,3,0,male,3.0,0,0,2676,7.225,C
1167,3,0,male,3.0,0,0,367655,7.7292,Q
1168,3,0,male,3.0,0,0,LP 1588,7.575,S
1169,3,0,male,38.5,0,0,SOTON/O.Q. 3101262,7.25,S
1170,3,0,male,3.0,8,2,CA. 2343,69.55,S
1171,3,0,male,14.5,8,2,CA. 2343,69.55,S
1172,3,0,female,3.0,8,2,CA. 2343,69.55,S
1173,3,0,female,3.0,8,2,CA. 2343,69.55,S
1174,3,0,female,3.0,8,2,CA. 2343,69.55,S
1175,3,0,female,3.0,8,2,CA. 2343,69.55,S
1176,3,0,male,3.0,8,2,CA. 2343,69.55,S
1177,3,0,male,3.0,8,2,CA. 2343,69.55,S
1178,3,0,male,3.0,8,2,CA. 2343,69.55,S
1179,3,0,male,3.0,1,9,CA. 2343,69.55,S
1180,3,0,female,3.0,1,9,CA. 2343,69.55,S
1181,3,0,male,24.0,0,0,7266,9.325,S
1182,3,1,female,21.0,0,0,343120,7.65,S
1183,3,0,male,39.0,0,0,3101296,7.925,S
1184,3,0,male,3.0,2,0,2662,21.6792,C
1185,3,0,male,3.0,2,0,2662,21.6792,C
1186,3,0,male,3.0,2,0,2662,21.6792,C
1187,3,1,female,1.0,1,1,PP 9549,16.7,S
1188,3,1,female,24.0,0,2,PP 9549,16.7,S
1189,3,1,female,4.0,1,1,PP 9549,16.7,S
1190,3,1,male,25.0,0,0,345768,9.5,S
1191,3,0,male,20.0,0,0,A/5. 2151,8.05,S
1192,3,0,male,24.5,0,0,342826,8.05,S
1193,3,0,male,3.0,0,0,36209,7.725,Q
1194,3,0,male,3.0,0,0,349222,7.8958,S
1195,3,0,male,3.0,0,0,370374,7.75,Q
1196,3,1,male,29.0,0,0,345779,9.5,S
1197,3,0,male,3.0,0,0,C.A. 6212,15.1,S
1198,3,1,female,3.0,0,0,330968,7.7792,Q
1199,3,0,male,3.0,0,0,374910,8.05,S
1200,3,0,male,3.0,0,0,SOTON/OQ 392082,8.05,S
1201,3,0,male,22.0,0,0,2669,7.2292,C
1202,3,0,male,3.0,0,0,392092,8.05,S
1203,3,0,male,40.0,0,0,349251,7.8958,S
1204,3,0,male,21.0,0,0,STON/O 2. 3101280,7.925,S
1205,3,1,female,18.0,0,0,3101265,7.4958,S
1206,3,0,male,4.0,3,2,347088,27.9,S
1207,3,0,male,10.0,3,2,347088,27.9,S
1208,3,0,female,9.0,3,2,347088,27.9,S
1209,3,0,female,2.0,3,2,347088,27.9,S
1210,3,0,male,40.0,1,4,347088,27.9,S
1211,3,0,female,45.0,1,4,347088,27.9,S
1212,3,0,male,3.0,0,0,349214,7.8958,S
1213,3,0,male,3.0,0,0,SOTON/OQ 392086,8.05,S
1214,3,0,male,3.0,0,0,315037,8.6625,S
1215,3,0,male,3.0,0,0,384461,7.75,Q
1216,3,1,female,3.0,0,0,335432,7.7333,Q
1217,3,0,male,19.0,0,0,348124,7.65,S
1218,3,0,male,30.0,0,0,A.5. 18509,8.05,S
1219,3,0,male,3.0,0,0,A.5. 3236,8.05,S
1220,3,0,male,32.0,0,0,STON/OQ. 369943,8.05,S
1221,3,0,male,3.0,0,0,349208,7.8958,S
1222,3,0,male,33.0,0,0,349239,8.6625,C
1223,3,1,female,23.0,0,0,CA. 2314,7.55,S
1224,3,0,male,21.0,0,0,A/4 45380,8.05,S
1225,3,0,male,60.5,0,0,3701,16.1,S
1226,3,0,male,19.0,0,0,349205,7.8958,S
1227,3,0,female,22.0,0,0,7553,9.8375,S
1228,3,1,male,31.0,0,0,STON/O 2. 3101288,7.925,S
1229,3,0,male,27.0,0,0,315083,8.6625,S
1230,3,0,female,2.0,0,1,347054,10.4625,S
1231,3,0,female,29.0,1,1,347054,10.4625,S
1232,3,1,male,16.0,0,0,SOTON/OQ 392089,8.05,S
1233,3,1,male,44.0,0,0,STON/O 2. 3101269,7.925,S
1234,3,0,male,25.0,0,0,SOTON/OQ 392076,7.05,S
1235,3,0,male,74.0,0,0,347060,7.775,S
1236,3,1,male,14.0,0,0,7538,9.225,S
1237,3,0,male,24.0,0,0,350035,7.7958,S
1238,3,1,male,25.0,0,0,350033,7.7958,S
1239,3,0,male,34.0,0,0,363294,8.05,S
1240,3,1,male,0.4167,0,1,2625,8.5167,C
1241,3,0,male,3.0,1,0,2621,6.4375,C
1242,3,0,male,3.0,0,0,2681,6.4375,C
1243,3,0,male,3.0,0,0,2684,7.225,C
1244,3,1,female,16.0,1,1,2625,8.5167,C
1245,3,0,male,3.0,0,0,32302,8.05,S
1246,3,0,male,3.0,1,0,376564,16.1,S
1247,3,1,female,3.0,1,0,376564,16.1,S
1248,3,0,male,32.0,0,0,STON/O 2. 3101293,7.925,S
1249,3,0,male,3.0,0,0,383121,7.75,Q
1250,3,0,male,3.0,0,0,349216,7.8958,S
1251,3,0,male,30.5,0,0,364499,8.05,S
1252,3,0,male,44.0,0,0,364511,8.05,S
1253,3,0,male,3.0,0,0,2673,7.2292,C
1254,3,1,male,25.0,0,0,LINE,0.0,S
1255,3,0,male,3.0,0,0,2641,7.2292,C
1256,3,1,male,7.0,1,1,2650,15.2458,C
1257,3,1,female,9.0,1,1,2650,15.2458,C
1258,3,1,female,29.0,0,2,2650,15.2458,C
1259,3,0,male,36.0,0,0,349247,7.8958,S
1260,3,1,female,18.0,0,0,4138,9.8417,S
1261,3,1,female,63.0,0,0,4134,9.5875,S
1262,3,0,male,3.0,1,1,A/5. 851,14.5,S
1263,3,0,male,11.5,1,1,A/5. 851,14.5,S
1264,3,0,male,40.5,0,2,A/5. 851,14.5,S
1265,3,0,female,10.0,0,2,345773,24.15,S
1266,3,0,male,36.0,1,1,345773,24.15,S
1267,3,0,female,30.0,1,1,345773,24.15,S
1268,3,0,male,3.0,0,0,345777,9.5,S
1269,3,0,male,33.0,0,0,345780,9.5,S
1270,3,0,male,28.0,0,0,345770,9.5,S
1271,3,0,male,28.0,0,0,345783,9.5,S
1272,3,0,male,47.0,0,0,345765,9.0,S
1273,3,0,female,18.0,2,0,345764,18.0,S
1274,3,0,male,31.0,3,0,345763,18.0,S
1275,3,0,male,16.0,2,0,345764,18.0,S
1276,3,0,female,31.0,1,0,345763,18.0,S
1277,3,1,male,22.0,0,0,2658,7.225,C
1278,3,0,male,20.0,0,0,350416,7.8542,S
1279,3,0,female,14.0,0,0,350406,7.8542,S
1280,3,0,male,22.0,0,0,349252,7.8958,S
1281,3,0,male,22.0,0,0,345767,9.0,S
1282,3,0,male,3.0,0,0,359309,8.05,S
1283,3,0,male,3.0,0,0,C.A. 49867,7.55,S
1284,3,0,male,3.0,0,0,SOTON/OQ 3101316,8.05,S
1285,3,0,male,32.5,0,0,345775,9.5,S
1286,3,1,female,38.0,0,0,2688,7.2292,C
1287,3,0,male,51.0,0,0,347064,7.75,S
1288,3,0,male,18.0,1,0,3101267,6.4958,S
1289,3,0,male,21.0,1,0,3101266,6.4958,S
1290,3,1,female,47.0,1,0,363272,7.0,S
1291,3,0,male,3.0,0,0,3410,8.7125,S
1292,3,0,male,3.0,0,0,S.O./P.P. 751,7.55,S
1293,3,0,male,3.0,0,0,A/5 2466,8.05,S
1294,3,0,male,28.5,0,0,54636,16.1,S
1295,3,0,male,21.0,0,0,SOTON/OQ 3101317,7.25,S
1296,3,0,male,27.0,0,0,315154,8.6625,S
1297,3,0,male,3.0,0,0,A/4. 34244,7.25,S
1298,3,0,male,36.0,0,0,345771,9.5,S
1299,3,0,male,27.0,1,0,2659,14.4542,C
1300,3,1,female,15.0,1,0,2659,14.4542,C
1301,3,0,male,45.5,0,0,2628,7.225,C
1302,3,0,male,3.0,0,0,2647,7.225,C
1303,3,0,male,3.0,0,0,2627,14.4583,C
1304,3,0,female,14.5,1,0,2665,14.4542,C
1305,3,0,female,3.0,1,0,2665,14.4542,C
1306,3,0,male,26.5,0,0,2656,7.225,C
1307,3,0,male,27.0,0,0,2670,7.225,C
1308,3,0,male,29.0,0,0,315082,7.875,S
