passenger_id,classe,sobreviveu,idade,irmaos_conjuge,pais_filhos,tarifa,sexo_female,sexo_male,embarque_24.0,embarque_C,embarque_Q,embarque_S
0,1,1,29.0,0,0,14.4542,1,0,0,0,0,1
1,1,1,0.9167,1,2,14.4542,0,1,0,0,0,1
5,1,1,48.0,0,0,26.55,0,1,0,0,0,1
6,1,1,63.0,1,0,77.9583,1,0,0,0,0,1
8,1,1,53.0,2,0,51.4792,1,0,0,0,0,1
11,1,1,18.0,1,0,14.4542,1,0,0,1,0,0
12,1,1,24.0,0,0,69.3,1,0,0,1,0,0
13,1,1,26.0,0,0,78.85,1,0,0,0,0,1
14,1,1,80.0,0,0,30.0,0,1,0,0,0,1
17,1,1,50.0,0,1,14.4542,1,0,0,1,0,0
18,1,1,32.0,0,0,76.2917,1,0,0,1,0,0
20,1,1,37.0,1,1,52.5542,0,1,0,0,0,1
21,1,1,47.0,1,1,52.5542,1,0,0,0,0,1
22,1,1,26.0,0,0,30.0,0,1,0,1,0,0
23,1,1,42.0,0,0,14.4542,1,0,0,1,0,0
24,1,1,29.0,0,0,14.4542,1,0,0,0,0,1
26,1,1,25.0,1,0,91.0792,0,1,0,1,0,0
27,1,1,19.0,1,0,91.0792,1,0,0,1,0,0
28,1,1,35.0,0,0,135.6333,1,0,0,0,0,1
29,1,1,28.0,0,0,26.55,0,1,0,0,0,1
31,1,1,40.0,0,0,31.0,0,1,0,1,0,0
32,1,1,30.0,0,0,14.4542,1,0,0,0,0,1
33,1,1,58.0,0,0,26.55,1,0,0,0,0,1
35,1,1,45.0,0,0,14.4542,1,0,0,1,0,0
36,1,1,22.0,0,1,55.0,1,0,0,0,0,1
37,1,1,3.0,0,0,26.55,0,1,0,0,0,1
41,1,1,44.0,0,0,27.7208,1,0,0,1,0,0
42,1,1,59.0,2,0,51.4792,1,0,0,0,0,1
43,1,1,60.0,0,0,76.2917,1,0,0,1,0,0
44,1,1,41.0,0,0,134.5,1,0,0,1,0,0
47,1,1,42.0,0,0,26.2875,0,1,0,0,0,1
48,1,1,53.0,0,0,27.4458,1,0,0,1,0,0
49,1,1,36.0,0,1,14.4542,0,1,0,1,0,0
50,1,1,58.0,0,1,14.4542,1,0,0,1,0,0
54,1,1,11.0,1,2,120.0,0,1,0,0,0,1
55,1,1,14.0,1,2,120.0,1,0,0,0,0,1
56,1,1,36.0,1,2,120.0,0,1,0,0,0,1
57,1,1,36.0,1,2,120.0,1,0,0,0,0,1
59,1,1,3.0,0,0,27.7208,1,0,0,1,0,0
61,1,1,76.0,1,0,78.85,1,0,0,0,0,1
63,1,1,47.0,1,0,61.175,1,0,0,0,0,1
64,1,1,27.0,1,0,53.1,0,1,0,0,0,1
65,1,1,33.0,1,0,53.1,1,0,0,0,0,1
66,1,1,36.0,0,0,14.4542,1,0,0,1,0,0
67,1,1,30.0,0,0,86.5,1,0,0,0,0,1
68,1,1,45.0,0,0,29.7,0,1,0,1,0,0
69,1,1,3.0,0,1,55.0,1,0,0,0,0,1
72,1,1,26.0,1,0,14.4542,1,0,0,1,0,0
73,1,1,22.0,0,0,14.4542,1,0,0,0,0,1
76,1,1,39.0,1,1,83.1583,1,0,0,1,0,0
78,1,1,64.0,0,2,83.1583,1,0,0,1,0,0
79,1,1,55.0,2,0,25.7,1,0,0,0,0,1
82,1,1,36.0,0,2,71.0,1,0,0,0,0,1
83,1,1,64.0,1,1,26.55,1,0,0,0,0,1
85,1,1,38.0,1,0,71.2833,1,0,0,1,0,0
86,1,1,51.0,0,0,26.55,0,1,0,0,0,1
87,1,1,27.0,0,0,30.5,0,1,0,0,0,1
88,1,1,33.0,0,0,14.4542,1,0,0,0,0,1
90,1,1,27.0,1,2,52.0,1,0,0,0,0,1
91,1,1,31.0,1,0,57.0,0,1,0,0,0,1
92,1,1,17.0,1,0,57.0,1,0,0,0,0,1
93,1,1,53.0,1,1,81.8583,0,1,0,0,0,1
94,1,1,4.0,0,2,81.8583,0,1,0,0,0,1
95,1,1,54.0,1,1,81.8583,1,0,0,0,0,1
97,1,1,27.0,1,1,14.4542,1,0,0,1,0,0
98,1,1,48.0,1,0,106.425,1,0,0,1,0,0
99,1,1,48.0,1,0,39.6,1,0,0,1,0,0
100,1,1,49.0,1,0,56.9292,0,1,0,1,0,0
102,1,1,23.0,0,1,83.1583,1,0,0,1,0,0
103,1,1,38.0,0,0,14.4542,1,0,0,1,0,0
104,1,1,54.0,1,0,78.2667,1,0,0,1,0,0
107,1,1,3.0,0,0,31.6833,1,0,0,0,0,1
108,1,1,3.0,0,0,110.8833,1,0,0,1,0,0
109,1,1,36.0,0,0,26.3875,0,1,0,0,0,1
111,1,1,24.0,3,2,14.4542,1,0,0,0,0,1
112,1,1,28.0,3,2,14.4542,1,0,0,0,0,1
113,1,1,23.0,3,2,14.4542,1,0,0,0,0,1
116,1,1,60.0,1,0,14.4542,1,0,0,0,0,1
117,1,1,30.0,0,0,56.9292,1,0,0,1,0,0
119,1,1,50.0,2,0,133.65,0,1,0,0,0,1
120,1,1,43.0,1,0,27.7208,0,1,0,1,0,0
121,1,1,3.0,1,0,133.65,1,0,0,0,0,1
122,1,1,22.0,0,2,49.5,1,0,0,1,0,0
123,1,1,60.0,1,1,79.2,0,1,0,1,0,0
124,1,1,48.0,1,1,79.2,1,0,0,1,0,0
127,1,1,35.0,1,0,53.1,1,0,0,0,0,1
129,1,1,35.0,0,0,14.4542,1,0,0,1,0,0
130,1,1,22.0,0,1,59.4,1,0,0,1,0,0
131,1,1,45.0,0,1,59.4,1,0,0,1,0,0
133,1,1,49.0,1,0,89.1042,0,1,0,1,0,0
134,1,1,3.0,1,0,89.1042,1,0,0,1,0,0
136,1,1,53.0,0,0,28.5,0,1,0,1,0,0
137,1,1,19.0,0,0,30.0,1,0,0,0,0,1
139,1,1,58.0,0,1,14.4542,1,0,0,0,0,1
140,1,1,23.0,0,1,63.3583,0,1,0,1,0,0
141,1,1,45.0,0,1,63.3583,1,0,0,1,0,0
143,1,1,25.0,1,0,55.4417,0,1,0,1,0,0
144,1,1,25.0,1,0,55.4417,1,0,0,1,0,0
145,1,1,48.0,1,0,76.7292,0,1,0,1,0,0
146,1,1,49.0,1,0,76.7292,1,0,0,1,0,0
149,1,1,35.0,1,0,83.475,1,0,0,0,0,1
151,1,1,27.0,0,0,76.7292,0,1,0,1,0,0
152,1,1,3.0,0,0,30.0,0,1,0,0,0,1
153,1,1,24.0,0,0,83.1583,1,0,0,1,0,0
155,1,1,52.0,1,1,93.5,1,0,0,0,0,1
159,1,1,16.0,0,1,57.9792,1,0,0,1,0,0
160,1,1,44.0,0,1,57.9792,1,0,0,1,0,0
161,1,1,51.0,1,0,77.9583,1,0,0,0,0,1
163,1,1,35.0,1,0,52.0,1,0,0,0,0,1
164,1,1,35.0,0,0,26.55,0,1,0,1,0,0
165,1,1,38.0,1,0,90.0,0,1,0,0,0,1
167,1,1,35.0,1,0,90.0,1,0,0,0,0,1
168,1,1,38.0,0,0,80.0,1,0,1,0,0,0
170,1,1,49.0,0,0,0.0,0,1,0,0,0,1
176,1,1,3.0,1,0,51.8625,1,0,0,0,0,1
177,1,1,42.0,1,0,52.5542,0,1,0,0,0,1
178,1,1,45.0,1,0,52.5542,1,0,0,0,0,1
180,1,1,39.0,0,0,14.4542,1,0,0,0,0,1
181,1,1,49.0,0,0,25.9292,1,0,0,0,0,1
182,1,1,30.0,0,0,106.425,1,0,0,1,0,0
183,1,1,35.0,0,0,14.4542,0,1,0,1,0,0
186,1,1,55.0,0,0,27.7208,1,0,0,1,0,0
187,1,1,16.0,0,1,39.4,1,0,0,0,0,1
188,1,1,51.0,0,1,39.4,1,0,0,0,0,1
190,1,1,21.0,0,0,77.9583,1,0,0,0,0,1
192,1,1,58.0,0,0,14.4542,1,0,0,1,0,0
193,1,1,15.0,0,1,14.4542,1,0,0,0,0,1
195,1,1,16.0,0,0,86.5,1,0,0,0,0,1
196,1,1,3.0,0,0,29.7,0,1,0,1,0,0
198,1,1,18.0,1,0,53.1,1,0,0,0,0,1
199,1,1,24.0,0,0,49.5042,1,0,0,1,0,0
202,1,1,36.0,0,0,26.2875,0,1,0,0,0,1
204,1,1,3.0,1,0,82.1708,1,0,0,1,0,0
207,1,1,33.0,1,0,90.0,1,0,0,0,1,0
208,1,1,37.0,1,0,90.0,1,0,0,0,1,0
209,1,1,30.0,1,0,57.75,0,1,0,1,0,0
213,1,1,31.0,1,0,113.275,1,0,0,1,0,0
214,1,1,23.0,1,0,113.275,1,0,0,1,0,0
216,1,1,19.0,0,2,26.2833,1,0,0,0,0,1
218,1,1,39.0,0,0,108.9,1,0,0,1,0,0
219,1,1,3.0,0,0,25.7417,0,1,0,1,0,0
220,1,1,22.0,0,1,61.9792,1,0,0,1,0,0
227,1,1,22.0,1,0,66.6,1,0,0,0,0,1
229,1,1,17.0,1,0,108.9,1,0,0,1,0,0
230,1,1,30.0,0,0,93.5,1,0,0,0,0,1
231,1,1,52.0,0,0,30.5,0,1,0,0,0,1
233,1,1,56.0,0,1,83.1583,1,0,0,1,0,0
235,1,1,3.0,0,0,39.6,0,1,0,0,0,1
238,1,1,43.0,0,1,14.4542,1,0,0,0,0,1
240,1,1,45.0,0,0,26.55,0,1,0,0,0,1
242,1,1,33.0,0,0,27.7208,1,0,0,1,0,0
245,1,1,33.0,0,0,86.5,1,0,0,0,0,1
247,1,1,54.0,1,0,59.4,1,0,0,1,0,0
249,1,1,13.0,2,2,14.4542,0,1,0,1,0,0
250,1,1,18.0,2,2,14.4542,1,0,0,1,0,0
251,1,1,21.0,2,2,14.4542,1,0,0,1,0,0
253,1,1,48.0,1,0,14.4542,1,0,0,1,0,0
254,1,1,3.0,0,0,30.5,0,1,0,0,0,1
255,1,1,24.0,0,0,69.3,1,0,0,1,0,0
256,1,1,3.0,0,0,26.0,0,1,0,0,0,1
257,1,1,35.0,1,0,57.75,1,0,0,1,0,0
258,1,1,30.0,0,0,31.0,1,0,0,1,0,0
259,1,1,34.0,0,0,26.55,0,1,0,0,0,1
260,1,1,40.0,0,0,14.4542,1,0,0,0,0,1
261,1,1,35.0,0,0,26.2875,0,1,0,0,0,1
263,1,1,39.0,1,0,55.9,1,0,0,0,0,1
264,1,1,56.0,0,0,35.5,0,1,0,1,0,0
265,1,1,28.0,0,0,35.5,0,1,0,0,0,1
270,1,1,18.0,1,0,60.0,1,0,0,0,0,1
271,1,1,24.0,1,0,82.2667,0,1,0,0,0,1
272,1,1,23.0,1,0,82.2667,1,0,0,0,0,1
273,1,1,6.0,0,2,134.5,0,1,0,1,0,0
274,1,1,45.0,1,1,134.5,0,1,0,1,0,0
275,1,1,40.0,1,1,134.5,1,0,0,1,0,0
277,1,1,3.0,1,0,14.4542,1,0,0,1,0,0
278,1,1,32.0,0,0,30.5,0,1,0,1,0,0
280,1,1,54.0,1,0,55.4417,0,1,0,1,0,0
281,1,1,43.0,1,0,55.4417,1,0,0,1,0,0
282,1,1,52.0,1,0,78.2667,1,0,0,1,0,0
284,1,1,62.0,0,0,80.0,1,0,1,0,0,0
288,1,1,48.0,0,0,25.9292,1,0,0,0,0,1
289,1,1,18.0,0,2,79.65,1,0,0,0,0,1
291,1,1,39.0,1,1,79.65,1,0,0,0,0,1
292,1,1,48.0,1,0,52.0,0,1,0,0,0,1
293,1,1,3.0,1,0,52.0,1,0,0,0,0,1
295,1,1,17.0,0,2,110.8833,0,1,0,1,0,0
296,1,1,39.0,1,1,110.8833,1,0,0,1,0,0
297,1,1,3.0,0,0,79.2,1,0,0,1,0,0
298,1,1,31.0,0,0,28.5375,0,1,0,1,0,0
302,1,1,35.0,0,0,14.4542,1,0,0,1,0,0
304,1,1,60.0,1,0,75.25,1,0,0,1,0,0
308,1,1,55.0,0,0,135.6333,1,0,0,1,0,0
309,1,1,31.0,0,2,14.4542,1,0,0,0,0,1
311,1,1,45.0,1,1,14.4542,1,0,0,0,0,1
314,1,1,50.0,1,1,14.4542,1,0,0,1,0,0
315,1,1,21.0,0,0,26.55,1,0,0,0,0,1
317,1,1,21.0,0,1,61.3792,0,1,0,1,0,0
319,1,1,31.0,0,0,134.5,1,0,0,1,0,0
320,1,1,3.0,0,0,35.5,0,1,0,0,0,1
322,1,1,36.0,0,0,135.6333,1,0,0,1,0,0
324,2,1,28.0,1,0,24.0,1,0,0,1,0,0
329,2,1,36.0,1,0,26.0,1,0,0,0,0,1
333,2,1,36.0,0,0,13.0,1,0,0,0,0,1
336,2,1,32.0,1,0,26.0,0,1,0,0,0,1
337,2,1,19.0,1,0,26.0,1,0,0,0,0,1
339,2,1,1.0,2,1,39.0,0,1,0,0,0,1
340,2,1,4.0,2,1,39.0,1,0,0,0,0,1
341,2,1,12.0,2,1,39.0,1,0,0,0,0,1
342,2,1,36.0,0,0,39.0,1,0,0,0,0,1
343,2,1,34.0,0,0,13.0,0,1,0,0,0,1
344,2,1,19.0,0,0,13.0,1,0,0,0,0,1
349,2,1,24.0,0,0,13.0,1,0,0,0,0,1
350,2,1,15.0,0,2,39.0,1,0,0,0,0,1
352,2,1,40.0,1,1,39.0,1,0,0,0,0,1
353,2,1,20.0,1,0,26.0,1,0,0,0,0,1
355,2,1,36.0,0,0,13.0,1,0,0,0,0,1
358,2,1,42.0,0,0,13.0,1,0,0,0,0,1
359,2,1,0.8333,0,2,29.0,0,1,0,0,0,1
360,2,1,26.0,1,1,29.0,0,1,0,0,0,1
361,2,1,22.0,1,1,29.0,1,0,0,0,0,1
362,2,1,35.0,0,0,21.0,1,0,0,0,0,1
370,2,1,25.0,1,1,30.0,1,0,0,0,0,1
371,2,1,45.0,0,2,30.0,1,0,0,0,0,1
373,2,1,28.0,1,0,26.0,1,0,0,0,0,1
376,2,1,24.0,0,0,10.5,0,1,0,0,0,1
377,2,1,8.0,0,2,26.25,1,0,0,0,0,1
379,2,1,31.0,1,1,26.25,1,0,0,0,0,1
380,2,1,22.0,0,0,10.5,1,0,0,0,0,1
385,2,1,8.0,1,1,36.75,0,1,0,0,0,1
387,2,1,48.0,0,2,36.75,1,0,0,0,0,1
388,2,1,28.0,0,0,13.0,1,0,0,0,0,1
392,2,1,24.0,1,0,27.7208,1,0,0,1,0,0
395,2,1,18.0,0,1,23.0,1,0,0,0,0,1
396,2,1,34.0,0,1,23.0,1,0,0,0,0,1
398,2,1,8.0,0,2,32.5,0,1,0,0,0,1
400,2,1,34.0,1,1,32.5,1,0,0,0,0,1
401,2,1,27.0,1,0,13.8583,1,0,0,1,0,0
402,2,1,30.0,1,0,13.8583,1,0,0,1,0,0
407,2,1,29.0,1,0,26.0,1,0,0,0,0,1
415,2,1,34.0,0,0,13.0,1,0,0,0,0,1
427,2,1,0.6667,1,1,14.5,0,1,0,0,0,1
428,2,1,24.0,0,2,14.5,1,0,0,0,0,1
430,2,1,6.0,0,1,33.0,1,0,0,0,0,1
432,2,1,62.0,0,0,10.5,0,1,0,0,0,1
434,2,1,7.0,0,2,26.25,1,0,0,0,0,1
436,2,1,45.0,1,1,26.25,1,0,0,0,0,1
437,2,1,24.0,1,2,65.0,1,0,0,0,0,1
438,2,1,24.0,1,2,65.0,1,0,0,0,0,1
440,2,1,48.0,1,2,65.0,1,0,0,0,0,1
441,2,1,55.0,0,0,16.0,1,0,0,0,0,1
446,2,1,20.0,2,1,23.0,1,0,0,0,0,1
449,2,1,54.0,1,0,23.0,1,0,0,0,0,1
452,2,1,29.0,1,0,26.0,1,0,0,0,0,1
454,2,1,42.0,0,0,13.0,0,1,0,0,0,1
458,2,1,17.0,0,0,10.5,1,0,0,0,0,1
460,2,1,24.0,2,1,27.0,1,0,0,0,0,1
465,2,1,23.0,0,0,13.7917,1,0,0,1,0,0
467,2,1,24.0,1,0,26.0,1,0,0,0,0,1
469,2,1,3.0,0,0,12.35,1,0,0,0,1,0
471,2,1,45.0,0,0,13.5,1,0,0,0,0,1
478,2,1,1.0,1,2,41.5792,1,0,0,1,0,0
479,2,1,3.0,1,2,41.5792,1,0,0,1,0,0
481,2,1,22.0,1,2,41.5792,1,0,0,1,0,0
482,2,1,17.0,0,0,12.0,1,0,0,1,0,0
483,2,1,3.0,0,0,33.0,1,0,0,0,0,1
484,2,1,34.0,0,0,10.5,1,0,0,0,0,1
489,2,1,42.0,1,0,26.0,1,0,0,0,0,1
492,2,1,1.0,0,2,37.0042,0,1,0,1,0,0
494,2,1,24.0,1,1,37.0042,1,0,0,1,0,0
501,2,1,13.0,0,1,19.5,1,0,0,0,0,1
502,2,1,41.0,0,1,19.5,1,0,0,0,0,1
503,2,1,19.0,0,0,10.5,0,1,0,0,0,1
513,2,1,14.0,1,0,30.0708,1,0,0,1,0,0
514,2,1,2.0,1,1,26.0,0,1,0,0,0,1
515,2,1,3.0,1,1,26.0,0,1,0,0,0,1
520,2,1,20.0,0,0,13.8625,0,1,0,1,0,0
521,2,1,29.0,0,0,10.5,1,0,0,0,0,1
523,2,1,22.0,0,0,10.5,0,1,0,0,0,1
524,2,1,3.0,0,0,13.8625,0,1,0,1,0,0
526,2,1,29.0,0,0,13.8583,0,1,0,1,0,0
529,2,1,50.0,0,1,26.0,1,0,0,0,0,1
533,2,1,21.0,0,1,21.0,1,0,0,0,0,1
534,2,1,19.0,0,0,26.0,1,0,0,0,0,1
536,2,1,32.0,0,0,13.0,1,0,0,0,0,1
538,2,1,30.0,0,0,12.7375,0,1,0,1,0,0
540,2,1,2.0,1,1,26.0,1,0,0,0,0,1
541,2,1,8.0,1,1,26.0,1,0,0,0,0,1
542,2,1,33.0,0,2,26.0,1,0,0,0,0,1
545,2,1,30.0,3,0,21.0,1,0,0,0,0,1
546,2,1,28.0,0,0,13.0,1,0,0,0,0,1
548,2,1,0.8333,1,1,18.75,0,1,0,0,0,1
549,2,1,3.0,1,1,18.75,0,1,0,0,0,1
550,2,1,24.0,2,0,18.75,1,0,0,0,0,1
551,2,1,50.0,0,0,10.5,1,0,0,0,0,1
553,2,1,21.0,0,0,10.5,1,0,0,0,0,1
557,2,1,25.0,0,1,26.0,1,0,0,0,0,1
558,2,1,18.0,0,2,13.0,1,0,0,0,0,1
559,2,1,20.0,0,0,36.75,1,0,0,0,0,1
560,2,1,30.0,0,0,13.0,1,0,0,0,0,1
562,2,1,30.0,0,0,12.35,1,0,0,0,1,0
564,2,1,40.0,0,0,13.0,1,0,0,0,0,1
570,2,1,50.0,0,0,10.5,1,0,0,0,0,1
572,2,1,28.0,0,0,12.65,1,0,0,0,0,1
573,2,1,27.0,0,0,10.5,1,0,0,0,0,1
577,2,1,31.0,0,0,21.0,1,0,0,0,0,1
580,2,1,31.0,0,0,21.0,1,0,0,0,0,1
582,2,1,12.0,0,0,15.75,1,0,0,0,0,1
583,2,1,40.0,0,0,15.75,1,0,0,0,0,1
584,2,1,32.5,0,0,13.0,1,0,0,0,0,1
586,2,1,29.0,1,0,26.0,1,0,0,0,0,1
587,2,1,2.0,1,1,23.0,0,1,0,0,0,1
588,2,1,4.0,1,1,23.0,1,0,0,0,0,1
589,2,1,29.0,0,2,23.0,1,0,0,0,0,1
590,2,1,0.9167,1,2,27.75,1,0,0,0,0,1
591,2,1,5.0,1,2,27.75,1,0,0,0,0,1
593,2,1,33.0,1,2,27.75,1,0,0,0,0,1
596,2,1,31.0,0,0,13.0,0,1,0,0,0,1
597,2,1,3.0,0,0,13.0,0,1,0,0,0,1
598,2,1,26.0,0,0,13.5,1,0,0,0,0,1
603,3,1,35.0,1,1,20.25,1,0,0,0,0,1
604,3,1,16.0,0,0,7.65,1,0,0,0,0,1
605,3,1,25.0,0,0,7.65,0,1,0,0,0,1
606,3,1,20.0,0,0,7.925,0,1,0,0,0,1
607,3,1,18.0,0,0,7.2292,1,0,0,1,0,0
611,3,1,0.8333,0,1,9.35,0,1,0,0,0,1
612,3,1,18.0,0,1,9.35,1,0,0,0,0,1
613,3,1,26.0,0,0,18.7875,0,1,0,1,0,0
621,3,1,19.0,1,0,7.8542,1,0,0,0,0,1
625,3,1,17.0,4,2,7.925,1,0,0,0,0,1
630,3,1,27.0,0,0,7.7958,0,1,0,0,0,1
641,3,1,3.0,4,2,31.3875,0,1,0,0,0,1
643,3,1,5.0,4,2,31.3875,1,0,0,0,0,1
645,3,1,23.0,0,0,7.7958,0,1,0,0,0,1
646,3,1,38.0,1,0,31.3875,1,0,0,0,0,1
647,3,1,45.0,0,0,7.225,1,0,0,1,0,0
653,3,1,13.0,0,0,7.2292,1,0,0,1,0,0
656,3,1,33.0,3,0,15.85,1,0,0,0,0,1
657,3,1,0.75,2,1,19.2583,1,0,0,1,0,0
658,3,1,0.75,2,1,19.2583,1,0,0,1,0,0
659,3,1,5.0,2,1,19.2583,1,0,0,1,0,0
660,3,1,24.0,0,0,19.2583,1,0,0,1,0,0
661,3,1,18.0,0,0,8.05,1,0,0,0,0,1
664,3,1,20.0,0,0,7.2292,0,1,0,1,0,0
674,3,1,32.0,0,0,56.4958,0,1,0,0,0,1
686,3,1,22.0,0,0,7.725,1,0,0,0,1,0
693,3,1,21.0,0,0,7.8208,0,1,0,0,1,0
709,3,1,16.0,0,0,7.75,1,0,0,0,1,0
714,3,1,32.0,0,0,56.4958,0,1,0,0,0,1
719,3,1,18.0,0,0,8.05,0,1,0,0,0,1
725,3,1,22.0,0,0,7.75,1,0,0,0,1,0
733,3,1,9.0,1,1,15.9,0,1,0,0,0,1
734,3,1,3.0,1,1,15.9,0,1,0,0,0,1
735,3,1,36.0,0,2,15.9,1,0,0,0,0,1
738,3,1,17.0,0,1,16.1,1,0,0,0,0,1
742,3,1,45.0,0,0,8.05,0,1,0,0,0,1
745,3,1,30.0,0,0,6.95,1,0,0,0,1,0
746,3,1,29.0,0,0,7.75,0,1,0,0,1,0
757,3,1,3.0,1,0,16.1,1,0,0,0,0,1
758,3,1,36.5,1,0,17.4,0,1,0,0,0,1
759,3,1,36.0,1,0,17.4,1,0,0,0,0,1
760,3,1,30.0,0,0,9.5,0,1,0,0,0,1
762,3,1,1.0,1,2,20.575,0,1,0,0,0,1
763,3,1,0.1667,1,2,20.575,1,0,0,0,0,1
765,3,1,33.0,1,2,20.575,1,0,0,0,0,1
771,3,1,19.0,0,0,7.8792,1,0,0,0,1,0
777,3,1,19.0,0,0,8.05,0,1,0,0,0,1
778,3,1,30.0,0,0,12.475,1,0,0,0,0,1
780,3,1,23.0,0,0,8.05,1,0,0,0,0,1
783,3,1,24.0,0,0,7.55,0,1,0,0,0,1
785,3,1,22.0,1,0,13.9,1,0,0,0,0,1
794,3,1,5.0,0,0,12.475,1,0,0,0,0,1
798,3,1,3.0,0,0,7.05,0,1,0,0,0,1
805,3,1,3.0,0,0,56.4958,0,1,0,0,0,1
818,3,1,16.0,0,0,7.7333,1,0,0,0,1,0
819,3,1,3.0,0,0,7.75,1,0,0,0,1,0
820,3,1,9.0,0,2,20.525,0,1,0,0,0,1
823,3,1,31.0,1,1,20.525,1,0,0,0,0,1
845,3,1,24.0,1,0,15.85,1,0,0,0,0,1
851,3,1,45.0,1,0,14.1083,1,0,0,0,0,1
856,3,1,3.0,0,0,7.75,1,0,0,0,1,0
857,3,1,27.0,0,0,6.975,0,1,0,0,0,1
858,3,1,3.0,0,0,56.4958,0,1,0,0,0,1
860,3,1,26.0,0,0,7.925,1,0,0,0,0,1
862,3,1,22.0,0,0,8.9625,1,0,0,0,0,1
866,3,1,2.0,0,1,12.2875,1,0,0,0,0,1
867,3,1,22.0,1,1,12.2875,1,0,0,0,0,1
870,3,1,27.0,0,0,7.925,1,0,0,0,0,1
872,3,1,3.0,0,0,8.05,1,0,0,0,0,1
874,3,1,3.0,0,0,7.8875,0,1,0,0,0,1
880,3,1,29.0,0,0,7.8958,0,1,0,1,0,0
881,3,1,21.0,0,0,7.7958,0,1,0,0,0,1
886,3,1,3.0,0,0,7.75,1,0,0,0,1,0
887,3,1,3.0,0,0,8.1125,0,1,0,0,0,1
889,3,1,26.0,0,0,7.775,0,1,0,0,0,1
894,3,1,4.0,1,1,11.1333,0,1,0,0,0,1
895,3,1,1.0,1,1,11.1333,1,0,0,0,0,1
899,3,1,27.0,0,2,11.1333,1,0,0,0,0,1
905,3,1,32.0,0,0,7.8542,0,1,0,0,0,1
909,3,1,32.0,0,0,7.925,0,1,0,0,0,1
913,3,1,21.0,0,0,7.7958,0,1,0,0,0,1
916,3,1,4.0,0,1,13.4167,1,0,0,1,0,0
917,3,1,39.0,0,1,13.4167,0,1,0,1,0,0
922,3,1,3.0,0,0,7.75,1,0,0,0,1,0
923,3,1,3.0,0,0,7.75,1,0,0,0,1,0
926,3,1,3.0,0,0,7.75,0,1,0,0,1,0
934,3,1,4.0,0,2,22.025,1,0,0,0,0,1
935,3,1,29.0,3,1,22.025,0,1,0,0,0,1
936,3,1,26.0,1,1,22.025,1,0,0,0,0,1
941,3,1,25.0,0,0,7.2292,0,1,0,1,0,0
945,3,1,3.0,0,0,56.4958,0,1,0,0,0,1
947,3,1,22.0,0,0,7.25,1,0,0,0,0,1
949,3,1,26.0,0,0,56.4958,0,1,0,0,0,1
953,3,1,22.0,0,0,7.225,0,1,0,1,0,0
970,3,1,20.0,1,0,7.925,0,1,0,0,0,1
978,3,1,27.0,0,0,8.6625,0,1,0,0,0,1
980,3,1,23.0,0,0,7.8542,1,0,0,0,0,1
981,3,1,32.0,0,0,7.5792,0,1,0,0,0,1
984,3,1,3.0,0,0,7.75,1,0,0,0,1,0
985,3,1,24.0,0,0,7.1417,0,1,0,0,0,1
991,3,1,3.0,0,0,7.2292,0,1,0,1,0,0
993,3,1,3.0,0,0,7.7375,1,0,0,0,1,0
997,3,1,3.0,0,0,7.225,1,0,0,1,0,0
999,3,1,3.0,0,0,7.75,1,0,0,0,1,0
1000,3,1,3.0,0,0,7.75,0,1,0,0,1,0
1001,3,1,3.0,2,0,23.25,1,0,0,0,1,0
1002,3,1,3.0,2,0,23.25,1,0,0,0,1,0
1003,3,1,3.0,2,0,23.25,0,1,0,0,1,0
1004,3,1,3.0,0,0,7.7875,1,0,0,0,1,0
1006,3,1,3.0,0,0,7.8792,1,0,0,0,1,0
1007,3,1,15.0,0,0,8.0292,1,0,0,0,1,0
1017,3,1,21.0,0,0,7.775,0,1,0,0,0,1
1023,3,1,3.0,0,0,7.8792,1,0,0,0,1,0
1025,3,1,6.0,0,1,12.475,0,1,0,0,0,1
1026,3,1,27.0,0,1,12.475,1,0,0,0,0,1
1028,3,1,3.0,1,0,24.15,1,0,0,0,1,0
1033,3,1,3.0,0,0,7.775,0,1,0,0,0,1
1034,3,1,3.0,1,1,15.2458,0,1,0,1,0,0
1035,3,1,3.0,1,1,15.2458,0,1,0,1,0,0
1036,3,1,3.0,0,2,15.2458,1,0,0,1,0,0
1037,3,1,3.0,0,0,7.2292,1,0,0,1,0,0
1039,3,1,3.0,0,0,7.7333,1,0,0,0,1,0
1040,3,1,24.0,0,0,7.75,1,0,0,0,1,0
1042,3,1,3.0,1,0,15.5,1,0,0,0,1,0
1043,3,1,3.0,1,0,15.5,1,0,0,0,1,0
1044,3,1,3.0,0,0,15.5,1,0,0,0,1,0
1047,3,1,15.0,0,0,7.225,1,0,0,1,0,0
1048,3,1,1.0,0,2,15.7417,1,0,0,1,0,0
1049,3,1,20.0,1,1,15.7417,0,1,0,1,0,0
1050,3,1,19.0,1,1,15.7417,1,0,0,1,0,0
1056,3,1,12.0,1,0,11.2417,0,1,0,1,0,0
1057,3,1,14.0,1,0,11.2417,1,0,0,1,0,0
1060,3,1,18.0,0,0,7.775,1,0,0,0,0,1
1061,3,1,26.0,0,0,7.8542,1,0,0,0,0,1
1064,3,1,39.0,0,0,7.925,0,1,0,0,0,1
1067,3,1,22.0,0,0,7.75,1,0,0,0,0,1
1071,3,1,3.0,1,0,15.5,1,0,0,0,1,0
1077,3,1,3.0,0,0,7.75,1,0,0,0,1,0
1078,3,1,3.0,0,0,7.8792,1,0,0,0,1,0
1079,3,1,22.0,0,0,7.775,1,0,0,0,0,1
1080,3,1,3.0,0,0,7.75,0,1,0,0,1,0
1081,3,1,3.0,0,0,7.8292,1,0,0,0,1,0
1082,3,1,9.0,0,1,3.1708,0,1,0,0,0,1
1088,3,1,32.0,0,0,7.775,0,1,0,0,0,1
1094,3,1,31.0,0,0,8.6833,1,0,0,0,0,1
1120,3,1,25.0,1,0,7.775,0,1,0,0,0,1
1121,3,1,3.0,1,1,22.3583,0,1,0,1,0,0
1122,3,1,3.0,1,1,22.3583,1,0,0,1,0,0
1123,3,1,3.0,0,2,22.3583,1,0,0,1,0,0
1131,3,1,32.0,0,0,8.05,0,1,0,0,0,1
1149,3,1,3.0,0,0,7.7208,1,0,0,0,1,0
1159,3,1,3.0,0,0,8.05,1,0,0,0,0,1
1162,3,1,3.0,0,0,7.75,0,1,0,0,1,0
1182,3,1,21.0,0,0,7.65,1,0,0,0,0,1
1187,3,1,1.0,1,1,16.7,1,0,0,0,0,1
1188,3,1,24.0,0,2,16.7,1,0,0,0,0,1
1189,3,1,4.0,1,1,16.7,1,0,0,0,0,1
1190,3,1,25.0,0,0,9.5,0,1,0,0,0,1
1196,3,1,29.0,0,0,9.5,0,1,0,0,0,1
1198,3,1,3.0,0,0,7.7792,1,0,0,0,1,0
1205,3,1,18.0,0,0,7.4958,1,0,0,0,0,1
1216,3,1,3.0,0,0,7.7333,1,0,0,0,1,0
1223,3,1,23.0,0,0,7.55,1,0,0,0,0,1
1228,3,1,31.0,0,0,7.925,0,1,0,0,0,1
1232,3,1,16.0,0,0,8.05,0,1,0,0,0,1
1233,3,1,44.0,0,0,7.925,0,1,0,0,0,1
1236,3,1,14.0,0,0,9.225,0,1,0,0,0,1
1238,3,1,25.0,0,0,7.7958,0,1,0,0,0,1
1240,3,1,0.4167,0,1,8.5167,0,1,0,1,0,0
1244,3,1,16.0,1,1,8.5167,1,0,0,1,0,0
1247,3,1,3.0,1,0,16.1,1,0,0,0,0,1
1254,3,1,25.0,0,0,0.0,0,1,0,0,0,1
1256,3,1,7.0,1,1,15.2458,0,1,0,1,0,0
1257,3,1,9.0,1,1,15.2458,1,0,0,1,0,0
1258,3,1,29.0,0,2,15.2458,1,0,0,1,0,0
1260,3,1,18.0,0,0,9.8417,1,0,0,0,0,1
1261,3,1,63.0,0,0,9.5875,1,0,0,0,0,1
1277,3,1,22.0,0,0,7.225,0,1,0,1,0,0
1286,3,1,38.0,0,0,7.2292,1,0,0,1,0,0
1290,3,1,47.0,1,0,7.0,1,0,0,0,0,1
1300,3,1,15.0,1,0,14.4542,1,0,0,1,0,0
1170,3,0,3.0,8,2,69.55,0,1,0,0,0,1
624,3,0,2.0,4,2,31.275,1,0,0,0,0,1
496,2,0,30.0,0,0,13.0,0,1,0,0,0,1
680,3,0,3.0,0,0,7.225,0,1,0,1,0,0
948,3,0,3.0,0,0,7.75,0,1,0,0,1,0
1294,3,0,28.5,0,0,16.1,0,1,0,0,0,1
450,2,0,50.0,0,0,13.0,0,1,0,0,0,1
527,2,0,28.0,0,0,10.5,0,1,0,0,0,1
825,3,0,9.0,5,2,46.9,0,1,0,0,0,1
992,3,0,30.5,0,0,7.75,1,0,0,0,1,0
191,1,0,30.0,0,0,45.5,0,1,0,0,0,1
500,2,0,46.0,0,0,26.0,0,1,0,0,0,1
954,3,0,3.0,3,1,25.4667,0,1,0,0,0,1
1305,3,0,3.0,1,0,14.4542,1,0,0,1,0,0
1097,3,0,6.0,3,1,21.075,0,1,0,0,0,1
796,3,0,40.5,0,0,15.1,0,1,0,0,0,1
795,3,0,3.0,0,0,7.225,0,1,0,1,0,0
294,1,0,49.0,1,1,110.8833,0,1,0,1,0,0
1133,3,0,17.0,0,0,8.6625,0,1,0,0,0,1
938,3,0,18.0,1,1,7.8542,0,1,0,0,0,1
354,2,0,25.0,1,0,26.0,0,1,0,0,0,1
194,1,0,30.0,0,0,26.0,0,1,0,0,0,1
697,3,0,30.0,0,0,8.6625,1,0,0,0,0,1
701,3,0,17.0,0,0,8.6625,0,1,0,0,0,1
118,1,0,3.0,0,0,26.55,0,1,0,0,0,1
84,1,0,39.0,1,0,71.2833,0,1,0,1,0,0
755,3,0,17.0,2,0,8.05,0,1,0,0,0,1
464,2,0,32.0,0,0,10.5,0,1,0,0,0,1
466,2,0,34.0,1,0,26.0,0,1,0,0,0,1
217,1,0,64.0,0,0,26.0,0,1,0,0,0,1
636,3,0,18.0,1,0,17.8,1,0,0,0,0,1
1105,3,0,14.0,4,1,39.6875,0,1,0,0,0,1
942,3,0,3.0,0,0,7.225,0,1,0,1,0,0
531,2,0,3.0,0,0,15.05,0,1,0,1,0,0
1175,3,0,3.0,8,2,69.55,1,0,0,0,0,1
70,1,0,3.0,0,0,0.0,0,1,0,0,0,1
696,3,0,21.0,0,0,8.6625,1,0,0,0,0,1
752,3,0,24.0,2,0,24.15,0,1,0,0,0,1
184,1,0,3.0,0,0,27.7208,0,1,0,1,0,0
442,2,0,24.0,2,0,73.5,0,1,0,0,0,1
189,1,0,29.0,0,0,30.0,0,1,0,0,0,1
912,3,0,30.0,0,0,7.8958,0,1,0,0,0,1
716,3,0,26.0,1,0,14.4542,0,1,0,1,0,0
348,2,0,27.0,0,0,13.0,0,1,0,0,0,1
703,3,0,21.0,0,0,7.75,0,1,0,0,1,0
470,2,0,35.0,0,0,12.35,0,1,0,0,1,0
937,3,0,1.0,1,1,12.1833,1,0,0,0,0,1
1246,3,0,3.0,1,0,16.1,0,1,0,0,0,1
753,3,0,22.0,0,0,8.05,0,1,0,0,0,1
988,3,0,3.0,0,0,7.75,0,1,0,0,1,0
679,3,0,9.0,1,1,15.2458,1,0,0,1,0,0
774,3,0,43.0,0,0,7.8958,0,1,0,0,0,1
1021,3,0,28.0,0,0,7.8958,0,1,0,0,0,1
1141,3,0,10.0,4,1,29.125,0,1,0,0,1,0
1287,3,0,51.0,0,0,7.75,0,1,0,0,0,1
519,2,0,28.0,0,0,13.5,0,1,0,0,0,1
769,3,0,22.0,0,0,7.25,0,1,0,0,0,1
232,1,0,47.0,0,0,52.0,0,1,0,0,0,1
539,2,0,27.0,0,0,15.0333,0,1,0,1,0,0
962,3,0,3.0,1,0,15.5,0,1,0,0,1,0
732,3,0,30.0,0,0,8.05,0,1,0,0,0,1
1053,3,0,3.0,0,0,7.2292,0,1,0,1,0,0
316,1,0,51.0,0,1,61.3792,0,1,0,1,0,0
413,2,0,38.0,1,0,21.0,0,1,0,0,0,1
1271,3,0,28.0,0,0,9.5,0,1,0,0,0,1
406,2,0,40.0,1,0,26.0,0,1,0,0,0,1
642,3,0,13.0,4,2,31.3875,0,1,0,0,0,1
150,1,0,40.0,0,0,0.0,0,1,0,0,0,1
252,1,0,61.0,1,0,14.4542,0,1,0,1,0,0
383,2,0,21.0,0,0,11.5,0,1,0,0,0,1
511,2,0,62.0,0,0,9.6875,0,1,0,0,1,0
884,3,0,48.0,0,0,7.8542,0,1,0,0,0,1
1027,3,0,3.0,0,0,8.05,0,1,0,0,0,1
1304,3,0,14.5,1,0,14.4542,1,0,0,1,0,0
101,1,0,39.0,0,0,29.7,0,1,0,1,0,0
89,1,0,31.0,1,0,52.0,0,1,0,0,0,1
1032,3,0,3.0,0,0,7.75,0,1,0,0,1,0
1218,3,0,30.0,0,0,8.05,0,1,0,0,0,1
671,3,0,22.0,0,0,9.35,0,1,0,0,0,1
730,3,0,27.0,0,0,7.8958,0,1,0,0,0,1
468,2,0,22.0,0,0,21.0,1,0,0,0,0,1
803,3,0,26.0,0,0,7.8792,0,1,0,0,1,0
841,3,0,17.0,0,0,7.7333,1,0,0,0,1,0
205,1,0,65.0,0,0,26.55,0,1,0,0,0,1
215,1,0,58.0,0,2,113.275,0,1,0,1,0,0
1191,3,0,20.0,0,0,8.05,0,1,0,0,0,1
914,3,0,33.0,0,0,7.8542,0,1,0,0,0,1
768,3,0,3.0,0,0,7.8958,0,1,0,0,0,1
1041,3,0,3.0,0,0,8.05,0,1,0,0,0,1
1250,3,0,3.0,0,0,7.8958,0,1,0,0,0,1
868,3,0,43.0,0,0,6.45,0,1,0,0,0,1
698,3,0,18.0,0,0,8.6625,0,1,0,0,0,1
687,3,0,20.0,0,0,7.8542,1,0,0,0,0,1
672,3,0,3.0,0,0,7.2292,0,1,0,1,0,0
706,3,0,3.0,1,0,14.4583,1,0,0,1,0,0
1134,3,0,24.0,0,0,8.6625,0,1,0,0,0,1
639,3,0,5.0,4,2,31.3875,0,1,0,0,0,1
555,2,0,25.0,0,0,13.0,0,1,0,0,0,1
1068,3,0,61.0,0,0,6.2375,0,1,0,0,0,1
472,2,0,57.0,0,0,12.35,0,1,0,0,1,0
904,3,0,23.0,0,0,7.8958,0,1,0,0,0,1
162,1,0,42.0,1,0,52.0,0,1,0,0,0,1
1249,3,0,3.0,0,0,7.75,0,1,0,0,1,0
751,3,0,25.0,0,0,7.8958,0,1,0,0,0,1
554,2,0,26.0,0,0,13.0,0,1,0,0,0,1
888,3,0,34.0,0,0,6.4958,0,1,0,0,0,1
262,1,0,50.0,1,0,55.9,0,1,0,0,0,1
797,3,0,40.5,0,0,7.75,0,1,0,0,1,0
212,1,0,37.0,0,1,29.7,0,1,0,1,0,0
459,2,0,42.0,1,0,27.0,0,1,0,0,0,1
1087,3,0,28.0,0,0,7.8542,0,1,0,0,0,1
1269,3,0,33.0,0,0,9.5,0,1,0,0,0,1
473,2,0,3.0,0,0,0.0,0,1,0,0,0,1
812,3,0,3.0,0,0,7.75,0,1,0,0,1,0
800,3,0,3.0,0,0,7.75,1,0,0,0,1,0
1095,3,0,3.0,0,0,7.6292,1,0,0,0,1,0
226,1,0,29.0,1,0,66.6,0,1,0,0,0,1
30,1,0,45.0,0,0,35.5,0,1,0,0,0,1
1211,3,0,45.0,1,0,27.9,1,0,0,0,0,1
299,1,0,40.0,0,0,27.7208,0,1,0,1,0,0
609,3,0,26.0,0,0,8.05,0,1,0,0,0,1
869,3,0,28.0,0,0,22.525,0,1,0,0,0,1
1124,3,0,3.0,0,0,8.1375,1,0,0,0,1,0
844,3,0,28.0,1,0,15.85,0,1,0,0,0,1
655,3,0,32.0,1,0,15.85,0,1,0,0,0,1
950,3,0,29.0,0,0,9.4833,0,1,0,0,0,1
312,1,0,50.0,1,1,14.4542,0,1,0,1,0,0
1180,3,0,3.0,1,0,69.55,1,0,0,0,0,1
475,2,0,26.0,1,1,26.0,1,0,0,0,0,1
81,1,0,70.0,1,1,71.0,0,1,0,0,0,1
1202,3,0,3.0,0,0,8.05,0,1,0,0,0,1
710,3,0,37.0,0,0,7.75,1,0,0,0,1,0
1255,3,0,3.0,0,0,7.2292,0,1,0,1,0,0
628,3,0,11.0,4,2,31.275,1,0,0,0,0,1
223,1,0,3.0,0,0,0.0,0,1,0,0,0,1
1207,3,0,10.0,3,2,27.9,0,1,0,0,0,1
830,3,0,14.0,5,2,46.9,0,1,0,0,0,1
961,3,0,3.0,1,0,15.5,1,0,0,0,1,0
1165,3,0,25.0,0,0,7.225,0,1,0,1,0,0
736,3,0,59.0,0,0,7.25,0,1,0,0,0,1
1114,3,0,3.0,0,0,7.0,0,1,0,0,0,1
779,3,0,24.0,0,0,7.75,1,0,0,0,1,0
581,2,0,3.0,0,0,0.0,0,1,0,0,0,1
451,2,0,44.0,1,0,26.0,0,1,0,0,0,1
1038,3,0,3.0,0,0,8.05,0,1,0,0,0,1
600,3,0,42.0,0,0,7.55,0,1,0,0,0,1
16,1,0,24.0,0,1,14.4542,0,1,0,1,0,0
1185,3,0,3.0,2,0,21.6792,0,1,0,1,0,0
269,1,0,3.0,0,0,26.0,0,1,0,0,0,1
670,3,0,26.0,0,0,7.775,0,1,0,0,0,1
507,2,0,27.0,0,0,13.0,0,1,0,0,0,1
1212,3,0,3.0,0,0,7.8958,0,1,0,0,0,1
875,3,0,30.0,0,0,7.2292,0,1,0,1,0,0
4,1,0,25.0,1,2,14.4542,1,0,0,0,0,1
1298,3,0,36.0,0,0,9.5,0,1,0,0,0,1
1016,3,0,3.0,0,0,7.75,0,1,0,0,1,0
928,3,0,3.0,1,0,14.4542,1,0,0,1,0,0
1137,3,0,3.0,0,0,7.2292,0,1,0,1,0,0
1142,3,0,4.0,4,1,29.125,0,1,0,0,1,0
1243,3,0,3.0,0,0,7.225,0,1,0,1,0,0
1241,3,0,3.0,1,0,6.4375,0,1,0,1,0,0
918,3,0,3.0,0,0,7.2292,0,1,0,1,0,0
1288,3,0,18.0,1,0,6.4958,0,1,0,0,0,1
1101,3,0,1.0,4,1,39.6875,0,1,0,0,0,1
817,3,0,22.0,0,0,8.05,0,1,0,0,0,1
676,3,0,18.0,0,0,7.75,0,1,0,0,0,1
618,3,0,35.0,0,0,8.05,0,1,0,0,0,1
1226,3,0,19.0,0,0,7.8958,0,1,0,0,0,1
221,1,0,65.0,0,1,61.9792,0,1,0,1,0,0
369,2,0,29.0,1,0,26.0,1,0,0,0,0,1
809,3,0,18.0,2,2,34.375,0,1,0,0,0,1
930,3,0,3.0,1,0,7.75,0,1,0,0,1,0
666,3,0,45.0,0,1,14.4542,1,0,0,1,0,0
1116,3,0,3.0,0,0,8.05,0,1,0,0,0,1
824,3,0,38.0,0,0,7.05,0,1,0,0,0,1
617,3,0,25.0,0,0,7.05,0,1,0,0,0,1
338,2,0,28.0,0,0,26.0,0,1,0,0,0,1
1055,3,0,3.0,0,0,7.8958,0,1,0,0,0,1
480,2,0,25.0,1,2,41.5792,0,1,0,1,0,0
876,3,0,3.0,0,0,7.8958,0,1,0,0,0,1
166,1,0,3.0,0,0,30.6958,0,1,0,1,0,0
960,3,0,34.5,0,0,6.4375,0,1,0,1,0,0
1065,3,0,21.0,0,0,7.8,0,1,0,0,0,1
743,3,0,22.0,0,0,10.5167,1,0,0,0,0,1
973,3,0,3.0,0,0,7.55,0,1,0,0,0,1
727,3,0,70.5,0,0,7.75,0,1,0,0,1,0
1208,3,0,9.0,3,2,27.9,1,0,0,0,0,1
1150,3,0,3.0,0,0,14.5,0,1,0,0,0,1
731,3,0,19.0,0,0,7.8958,0,1,0,0,0,1
174,1,0,58.0,0,0,29.7,0,1,0,1,0,0
1010,3,0,24.0,1,0,16.1,0,1,0,0,0,1
1108,3,0,19.0,0,0,14.5,0,1,0,0,0,1
447,2,0,23.0,2,1,11.5,0,1,0,0,0,1
669,3,0,19.0,0,0,8.05,0,1,0,0,0,1
821,3,0,33.0,1,1,20.525,0,1,0,0,0,1
946,3,0,3.0,0,0,56.4958,0,1,0,0,0,1
1089,3,0,20.0,0,0,9.225,0,1,0,0,0,1
689,3,0,22.0,1,0,7.25,0,1,0,0,0,1
566,2,0,41.0,0,0,15.0458,0,1,0,1,0,0
629,3,0,39.0,1,0,31.275,0,1,0,0,0,1
239,1,0,31.0,0,0,50.4958,0,1,0,0,0,1
619,3,0,18.0,0,0,8.3,0,1,0,0,0,1
421,2,0,24.0,0,0,13.5,0,1,0,0,0,1
776,3,0,32.0,0,0,7.75,0,1,0,0,1,0
715,3,0,29.0,0,0,8.05,0,1,0,0,0,1
787,3,0,16.0,0,0,7.775,0,1,0,0,0,1
389,2,0,32.0,0,0,13.0,0,1,0,0,0,1
200,1,0,46.0,0,0,75.2417,0,1,0,1,0,0
610,3,0,40.0,1,0,9.475,1,0,0,0,0,1
334,2,0,28.0,0,0,10.5,0,1,0,0,0,1
135,1,0,71.0,0,0,34.6542,0,1,0,1,0,0
201,1,0,54.0,0,0,51.8625,0,1,0,0,0,1
1098,3,0,3.0,3,1,21.075,1,0,0,0,0,1
1099,3,0,8.0,3,1,21.075,1,0,0,0,0,1
940,3,0,3.0,0,0,7.8958,0,1,0,1,0,0
944,3,0,3.0,0,0,7.8958,0,1,0,0,0,1
346,2,0,26.0,0,0,13.0,0,1,0,0,0,1
224,1,0,45.5,0,0,28.5,0,1,0,0,0,1
403,2,0,23.0,0,0,13.0,0,1,0,0,0,1
399,2,0,42.0,1,1,32.5,0,1,0,0,0,1
80,1,0,3.0,0,0,26.55,0,1,0,0,0,1
1093,3,0,16.0,0,0,9.2167,0,1,0,0,0,1
443,2,0,32.0,2,0,73.5,0,1,0,0,0,1
1178,3,0,3.0,8,2,69.55,0,1,0,0,0,1
1126,3,0,28.0,0,0,7.8958,1,0,0,0,0,1
1307,3,0,27.0,0,0,7.225,0,1,0,1,0,0
347,2,0,42.0,0,0,13.0,0,1,0,0,0,1
967,3,0,45.0,0,0,7.75,1,0,0,0,0,1
649,3,0,23.0,0,0,7.05,0,1,0,0,0,1
356,2,0,25.0,0,0,13.0,0,1,0,0,0,1
1012,3,0,3.0,0,0,7.75,1,0,0,0,1,0
15,1,0,3.0,0,0,25.925,0,1,0,0,0,1
933,3,0,26.0,2,0,8.6625,0,1,0,0,0,1
839,3,0,19.0,0,0,7.775,0,1,0,0,0,1
677,3,0,26.0,0,0,7.8958,0,1,0,0,0,1
206,1,0,44.0,2,0,90.0,0,1,0,0,1,0
1113,3,0,26.0,0,2,13.775,1,0,0,0,0,1
567,2,0,25.0,0,0,10.5,0,1,0,0,0,1
366,2,0,54.0,1,0,26.0,0,1,0,0,0,1
1200,3,0,3.0,0,0,8.05,0,1,0,0,0,1
506,2,0,70.0,0,0,10.5,0,1,0,0,0,1
486,2,0,24.0,0,0,10.5,0,1,0,0,0,1
1140,3,0,21.0,0,0,8.05,0,1,0,0,0,1
816,3,0,3.0,0,0,7.8958,0,1,0,1,0,0
335,2,0,51.0,0,0,12.525,0,1,0,0,0,1
1168,3,0,3.0,0,0,7.575,0,1,0,0,0,1
632,3,0,39.0,1,0,31.275,1,0,0,0,0,1
813,3,0,3.0,0,0,7.25,0,1,0,0,0,1
1248,3,0,32.0,0,0,7.925,0,1,0,0,0,1
801,3,0,3.0,0,0,7.75,0,1,0,0,1,0
126,1,0,37.0,1,0,53.1,0,1,0,0,0,1
1213,3,0,3.0,0,0,8.05,0,1,0,0,0,1
290,1,0,52.0,1,1,79.65,0,1,0,0,0,1
1107,3,0,21.0,0,0,8.6625,0,1,0,0,0,1
169,1,0,50.0,0,0,28.7125,1,0,0,1,0,0
828,3,0,10.0,5,2,46.9,1,0,0,0,0,1
925,3,0,44.0,0,0,8.05,0,1,0,0,0,1
1282,3,0,3.0,0,0,8.05,0,1,0,0,0,1
71,1,0,27.0,1,0,14.4542,0,1,0,1,0,0
807,3,0,9.0,2,2,34.375,1,0,0,0,0,1
1014,3,0,3.0,0,0,8.05,1,0,0,0,0,1
859,3,0,18.0,0,0,6.75,1,0,0,0,1,0
156,1,0,42.0,0,0,42.5,0,1,0,0,0,1
678,3,0,6.0,1,1,15.2458,0,1,0,1,0,0
1224,3,0,21.0,0,0,8.05,0,1,0,0,0,1
565,2,0,25.0,0,0,13.0,0,1,0,0,0,1
707,3,0,28.0,0,0,7.7958,0,1,0,0,0,1
1253,3,0,3.0,0,0,7.2292,0,1,0,1,0,0
957,3,0,3.0,3,1,25.4667,1,0,0,0,0,1
1070,3,0,3.0,0,0,7.8292,0,1,0,0,1,0
52,1,0,28.0,0,0,47.1,0,1,0,0,0,1
1019,3,0,24.0,0,0,7.8958,0,1,0,0,0,1
1030,3,0,3.0,0,0,8.4583,0,1,0,0,1,0
225,1,0,23.0,0,0,93.5,0,1,0,0,0,1
175,1,0,41.0,1,0,51.8625,0,1,0,0,0,1
842,3,0,3.0,1,0,19.9667,0,1,0,0,0,1
622,3,0,4.0,4,2,31.275,0,1,0,0,0,1
827,3,0,11.0,5,2,46.9,0,1,0,0,0,1
422,2,0,24.0,0,0,13.0,0,1,0,0,0,1
651,3,0,30.0,0,0,7.225,0,1,0,1,0,0
951,3,0,29.0,0,0,7.775,0,1,0,0,0,1
490,2,0,57.0,0,0,10.5,1,0,0,0,0,1
1227,3,0,22.0,0,0,9.8375,1,0,0,0,0,1
1009,3,0,3.0,0,0,7.75,0,1,0,0,1,0
861,3,0,23.0,0,0,7.925,1,0,0,0,0,1
675,3,0,21.0,0,0,7.775,0,1,0,0,0,1
822,3,0,41.0,0,0,7.85,0,1,0,0,0,1
896,3,0,49.0,0,0,0.0,0,1,0,0,0,1
416,2,0,16.0,0,0,26.0,0,1,0,0,0,1
1008,3,0,35.0,0,0,7.75,1,0,0,0,1,0
1272,3,0,47.0,0,0,9.0,0,1,0,0,0,1
397,2,0,54.0,0,0,26.0,0,1,0,0,0,1
528,2,0,3.0,0,0,0.0,0,1,0,0,0,1
927,3,0,3.0,1,0,14.4542,0,1,0,1,0,0
1194,3,0,3.0,0,0,7.8958,0,1,0,0,0,1
210,1,0,55.0,0,0,30.5,0,1,0,0,0,1
1270,3,0,28.0,0,0,9.5,0,1,0,0,0,1
921,3,0,3.0,0,0,7.25,0,1,0,0,0,1
283,1,0,3.0,0,0,27.7208,0,1,0,1,0,0
305,1,0,60.0,0,0,26.55,0,1,0,0,0,1
987,3,0,3.0,0,0,7.8792,1,0,0,0,1,0
243,1,0,46.0,0,0,79.2,0,1,0,1,0,0
1138,3,0,3.0,0,0,7.25,0,1,0,0,0,1
237,1,0,3.0,0,0,14.4542,0,1,0,1,0,0
806,3,0,21.0,2,2,34.375,1,0,0,0,0,1
1225,3,0,60.5,0,0,16.1,0,1,0,0,0,1
1239,3,0,34.0,0,0,8.05,0,1,0,0,0,1
1283,3,0,3.0,0,0,7.55,0,1,0,0,0,1
893,3,0,29.0,0,0,7.8542,0,1,0,0,0,1
891,3,0,33.0,0,0,8.6542,0,1,0,0,0,1
34,1,0,42.0,0,0,26.55,0,1,0,0,0,1
702,3,0,21.0,0,0,7.75,1,0,0,0,1,0
132,1,0,24.0,0,0,79.2,0,1,0,1,0,0
128,1,0,47.0,0,0,38.5,0,1,0,0,0,1
405,2,0,18.0,0,0,13.0,0,1,0,0,0,1
1183,3,0,39.0,0,0,7.925,0,1,0,0,0,1
1074,3,0,3.0,0,0,7.75,0,1,0,0,1,0
1167,3,0,3.0,0,0,7.7292,0,1,0,0,1,0
418,2,0,47.0,0,0,10.5,0,1,0,0,0,1
943,3,0,37.0,0,0,9.5875,1,0,0,0,0,1
956,3,0,3.0,3,1,25.4667,1,0,0,0,0,1
417,2,0,26.0,0,0,10.5,0,1,0,0,0,1
971,3,0,3.0,0,0,7.8792,0,1,0,0,1,0
1235,3,0,74.0,0,0,7.775,0,1,0,0,0,1
547,2,0,23.0,0,0,15.0458,0,1,0,1,0,0
708,3,0,24.0,0,0,7.8542,0,1,0,0,0,1
1266,3,0,36.0,1,1,24.15,0,1,0,0,0,1
45,1,0,45.0,0,0,26.55,0,1,0,0,0,1
7,1,0,39.0,0,0,0.0,0,1,0,0,0,1
682,3,0,3.0,0,2,7.75,1,0,0,0,1,0
544,2,0,34.0,1,0,21.0,0,1,0,0,0,1
939,3,0,36.0,0,2,12.1833,1,0,0,0,0,1
750,3,0,27.0,0,0,7.8958,0,1,0,0,0,1
792,3,0,15.0,1,1,7.2292,0,1,0,1,0,0
865,3,0,3.0,0,0,7.75,1,0,0,0,1,0
790,3,0,39.0,0,2,7.2292,0,1,0,1,0,0
724,3,0,31.0,0,0,7.75,0,1,0,0,1,0
691,3,0,35.0,0,0,8.05,0,1,0,0,0,1
667,3,0,27.0,0,0,7.8792,1,0,0,0,1,0
1139,3,0,38.0,0,0,7.8958,0,1,0,0,0,1
25,1,0,25.0,0,0,26.0,0,1,0,1,0,0
530,2,0,19.0,0,0,10.5,0,1,0,0,0,1
62,1,0,46.0,1,0,61.175,0,1,0,0,0,1
487,2,0,61.0,0,0,12.35,0,1,0,0,1,0
964,3,0,39.0,0,0,24.15,0,1,0,0,0,1
1169,3,0,38.5,0,0,7.25,0,1,0,0,0,1
1292,3,0,3.0,0,0,7.55,0,1,0,0,0,1
1295,3,0,21.0,0,0,7.25,0,1,0,0,0,1
684,3,0,32.0,1,1,15.5,1,0,0,0,1,0
1146,3,0,39.0,0,0,29.125,1,0,0,0,1,0
457,2,0,33.0,0,0,12.275,0,1,0,0,0,1
509,2,0,39.0,0,0,26.0,0,1,0,0,0,1
244,1,0,36.0,0,0,40.125,0,1,0,1,0,0
972,3,0,28.0,0,0,56.4958,0,1,0,0,0,1
712,3,0,24.0,0,0,8.05,0,1,0,0,0,1
911,3,0,21.0,0,0,8.4333,0,1,0,0,0,1
608,3,0,30.0,0,0,7.25,0,1,0,0,0,1
424,2,0,30.0,0,0,13.0,0,1,0,0,0,1
1119,3,0,22.0,0,0,7.25,0,1,0,0,0,1
1076,3,0,3.0,0,0,7.75,1,0,0,0,1,0
381,2,0,30.0,0,0,13.0,1,0,0,0,0,1
211,1,0,47.0,0,0,42.4,0,1,0,0,0,1
833,3,0,51.0,0,0,8.05,0,1,0,0,0,1
897,3,0,33.0,0,0,7.775,0,1,0,0,0,1
592,2,0,36.0,1,2,27.75,0,1,0,0,0,1
197,1,0,19.0,1,0,53.1,0,1,0,0,0,1
919,3,0,18.5,0,0,7.2292,0,1,0,1,0,0
431,2,0,28.0,0,1,33.0,0,1,0,0,0,1
575,2,0,27.0,1,0,21.0,1,0,0,0,0,1
508,2,0,54.0,0,0,14.0,0,1,0,0,0,1
236,1,0,22.0,0,0,135.6333,0,1,0,1,0,0
1158,3,0,41.0,0,2,20.2125,1,0,0,0,0,1
310,1,0,57.0,1,1,14.4542,0,1,0,0,0,1
326,2,0,18.0,0,0,11.5,0,1,0,0,0,1
1135,3,0,3.0,0,0,7.8958,0,1,0,0,0,1
616,3,0,24.0,0,0,7.05,0,1,0,0,0,1
510,2,0,16.0,0,0,10.5,0,1,0,0,0,1
2,1,0,2.0,1,2,14.4542,1,0,0,0,0,1
1299,3,0,27.0,1,0,14.4542,0,1,0,1,0,0
1220,3,0,32.0,0,0,8.05,0,1,0,0,0,1
1179,3,0,3.0,1,0,69.55,0,1,0,0,0,1
879,3,0,3.0,0,0,7.8958,0,1,0,0,0,1
594,2,0,66.0,0,0,10.5,0,1,0,0,0,1
1092,3,0,20.0,0,0,8.6625,0,1,0,0,0,1
307,1,0,21.0,0,1,77.2875,0,1,0,0,0,1
497,2,0,40.0,0,0,16.0,0,1,0,0,0,1
989,3,0,3.0,0,0,8.05,0,1,0,0,0,1
793,3,0,47.0,0,0,7.25,0,1,0,0,0,1
931,3,0,3.0,0,0,7.7375,0,1,0,0,1,0
579,2,0,23.0,1,0,10.5,0,1,0,0,0,1
654,3,0,20.0,0,0,7.225,0,1,0,1,0,0
1112,3,0,3.0,1,1,13.775,1,0,0,0,0,1
365,2,0,44.0,1,0,26.0,1,0,0,0,0,1
1011,3,0,19.0,1,0,16.1,1,0,0,0,0,1
920,3,0,3.0,0,0,7.75,0,1,0,0,1,0
1215,3,0,3.0,0,0,7.75,0,1,0,0,1,0
1020,3,0,21.0,0,0,7.8958,0,1,0,0,0,1
717,3,0,18.0,1,0,14.4542,0,1,0,1,0,0
569,2,0,14.0,0,0,65.0,0,1,0,0,0,1
990,3,0,29.0,0,0,7.925,0,1,0,0,0,1
637,3,0,24.0,0,0,7.775,0,1,0,0,0,1
640,3,0,9.0,4,2,31.3875,0,1,0,0,0,1
1229,3,0,27.0,0,0,8.6625,0,1,0,0,0,1
142,1,0,46.0,0,0,79.2,0,1,0,1,0,0
695,3,0,18.0,0,0,7.8792,1,0,0,0,1,0
720,3,0,24.0,0,0,7.25,0,1,0,0,1,0
932,3,0,22.0,2,0,8.6625,1,0,0,0,0,1
556,2,0,27.0,0,0,26.0,0,1,0,0,0,1
445,2,0,18.0,1,1,13.0,1,0,0,0,0,1
1308,3,0,29.0,0,0,7.875,0,1,0,0,0,1
1147,3,0,22.0,0,0,39.6875,1,0,0,0,0,1
287,1,0,61.0,0,0,32.3208,0,1,0,0,0,1
173,1,0,32.5,0,0,14.4542,0,1,0,1,0,0
1052,3,0,3.0,0,0,7.8958,0,1,0,0,0,1
815,3,0,3.0,0,0,14.5,0,1,0,0,0,1
268,1,0,24.0,1,0,60.0,0,1,0,0,0,1
885,3,0,17.0,1,0,7.0542,0,1,0,0,0,1
1206,3,0,4.0,3,2,27.9,0,1,0,0,0,1
1018,3,0,3.0,0,0,8.05,0,1,0,0,0,1
834,3,0,32.0,0,0,8.3625,0,1,0,0,0,1
419,2,0,21.0,1,0,11.5,0,1,0,0,0,1
634,3,0,26.0,0,0,7.8958,0,1,0,0,0,1
804,3,0,3.0,0,0,7.75,0,1,0,0,1,0
863,3,0,28.0,0,0,7.8958,0,1,0,0,0,1
1275,3,0,16.0,2,0,18.0,0,1,0,0,0,1
372,2,0,29.0,1,0,26.0,0,1,0,0,0,1
325,2,0,30.0,0,0,13.0,0,1,0,0,0,1
1104,3,0,16.0,4,1,39.6875,0,1,0,0,0,1
1176,3,0,3.0,8,2,69.55,0,1,0,0,0,1
425,2,0,52.0,0,0,13.0,0,1,0,0,0,1
958,3,0,3.0,0,0,25.4667,1,0,0,0,0,1
154,1,0,55.0,1,1,93.5,0,1,0,0,0,1
1086,3,0,31.0,0,0,7.8542,1,0,0,0,0,1
1297,3,0,3.0,0,0,7.25,0,1,0,0,0,1
852,3,0,3.0,0,0,7.55,1,0,0,0,0,1
663,3,0,26.0,0,0,7.8958,0,1,0,0,0,1
699,3,0,38.0,0,0,8.6625,0,1,0,0,0,1
1231,3,0,29.0,1,1,10.4625,1,0,0,0,0,1
363,2,0,3.0,0,0,0.0,0,1,0,0,0,1
718,3,0,20.0,0,0,7.05,0,1,0,0,0,1
357,2,0,42.0,0,0,13.0,0,1,0,0,0,1
756,3,0,3.0,1,0,16.1,0,1,0,0,0,1
563,2,0,35.0,0,0,10.5,0,1,0,0,0,1
662,3,0,40.0,0,0,7.225,0,1,0,1,0,0
53,1,0,17.0,0,0,47.1,0,1,0,0,0,1
411,2,0,38.0,0,0,13.0,1,0,0,0,0,1
1127,3,0,19.0,0,0,7.8958,0,1,0,0,0,1
644,3,0,40.0,1,0,31.3875,0,1,0,0,0,1
747,3,0,0.3333,0,2,14.4,0,1,0,0,0,1
1242,3,0,3.0,0,0,6.4375,0,1,0,1,0,0
38,1,0,41.0,0,0,30.5,0,1,0,0,0,1
772,3,0,17.0,0,0,7.8958,0,1,0,0,0,1
773,3,0,42.0,0,0,8.6625,0,1,0,0,0,1
635,3,0,25.0,1,0,17.8,0,1,0,0,0,1
700,3,0,17.0,0,0,8.6625,0,1,0,0,0,1
74,1,0,3.0,0,0,52.0,0,1,0,0,0,1
1046,3,0,22.0,0,0,7.8958,0,1,0,0,0,1
408,2,0,18.0,0,0,10.5,0,1,0,0,0,1
115,1,0,64.0,1,0,14.4542,0,1,0,0,0,1
414,2,0,34.0,1,0,21.0,0,1,0,0,0,1
522,2,0,39.0,0,0,13.0,0,1,0,0,0,1
627,3,0,9.0,4,2,31.275,1,0,0,0,0,1
1285,3,0,32.5,0,0,9.5,0,1,0,0,0,1
786,3,0,18.0,0,0,7.775,0,1,0,0,0,1
965,3,0,24.0,0,0,9.5,0,1,0,0,0,1
576,2,0,40.0,0,0,13.0,0,1,0,0,0,1
1072,3,0,3.0,0,0,7.7333,0,1,0,0,1,0
382,2,0,3.0,0,0,21.0,1,0,0,0,0,1
327,2,0,25.0,0,0,10.5,0,1,0,0,0,1
826,3,0,1.0,5,2,46.9,0,1,0,0,0,1
996,3,0,33.0,0,0,7.8958,0,1,0,0,0,1
685,3,0,21.0,0,0,16.1,0,1,0,0,0,1
802,3,0,3.0,0,0,6.95,0,1,0,0,1,0
614,3,0,26.0,0,0,7.8875,0,1,0,0,0,1
303,1,0,64.0,1,0,75.25,0,1,0,1,0,0
1145,3,0,8.0,4,1,29.125,0,1,0,0,1,0
412,2,0,35.0,0,0,26.0,0,1,0,0,0,1
705,3,0,3.0,1,0,14.4583,0,1,0,1,0,0
873,3,0,42.0,0,0,7.65,0,1,0,0,0,1
171,1,0,46.0,0,0,26.0,0,1,0,0,0,1
1117,3,0,21.0,0,0,7.925,0,1,0,0,0,1
488,2,0,50.0,1,0,26.0,0,1,0,0,0,1
599,2,0,24.0,0,0,13.0,1,0,0,0,0,1
51,1,0,33.0,0,0,5.0,0,1,0,0,0,1
328,2,0,34.0,1,0,26.0,0,1,0,0,0,1
665,3,0,18.0,0,1,14.4542,1,0,0,1,0,0
543,2,0,36.0,0,0,10.5,0,1,0,0,0,1
955,3,0,3.0,3,1,25.4667,1,0,0,0,0,1
848,3,0,41.0,2,0,14.1083,0,1,0,0,0,1
1051,3,0,33.0,0,0,8.05,0,1,0,0,0,1
846,3,0,20.0,0,0,9.5,0,1,0,0,0,1
1273,3,0,18.0,2,0,18.0,1,0,0,0,0,1
435,2,0,43.0,1,1,26.25,0,1,0,0,0,1
306,1,0,54.0,0,1,77.2875,0,1,0,0,0,1
1181,3,0,24.0,0,0,9.325,0,1,0,0,0,1
1193,3,0,3.0,0,0,7.725,0,1,0,0,1,0
903,3,0,3.0,1,2,23.45,1,0,0,0,0,1
246,1,0,55.0,1,0,59.4,0,1,0,1,0,0
420,2,0,21.0,1,0,11.5,0,1,0,0,0,1
631,3,0,26.0,0,0,7.775,0,1,0,0,0,1
